kitap,stem
Pride and Prejudice,start project gutenberg ebook illustr georg allen publish chare cross road london ruskin hous illustr read jane letter chap pride prejudic jane austen prefac georg saintsburi illustr hugh thomson illustr ruskin chare hous cross road london georg allen
Moby-Dick,start project gutenberg ebook mobydick whale herman melvil content etymolog extract suppli subsublibrarian chapter loom
War and Peace,project gutenberg ebook war peac leo tolstoy ebook use anyon anywher unit state part world cost almost restrict whatsoev may copi give away reus term project gutenberg licens includ ebook onlin wwwgutenbergorg locat unit state check law countri locat use ebook titl war peac author leo tolstoy translat louis aylmer maud releas date april ebook recent updat june languag english charact set encod utf produc anonym volunt david widger start project gutenberg ebook war peac war peac leo tolstoytolstoi content book one chapter chapter ii chapter iii chapter iv chapter v chapter vi chapter vii chapter viii chapter ix chapter x chapter xi chapter xii chapter xiii chapter xiv chapter xv chapter xvi chapter xvii chapter xviii chapter xix chapter xx chapter xxi chapter xxii chapter xxiii chapter xxiv chapter xxv chapter xxvi chapter xxvii chapter xxviii book two chapter chapter ii chapter iii chapter iv chapter v chapter vi chapter vii chapter viii chapter ix chapter x chapter xi chapter xii chapter xiii chapter xiv chapter xv chapter xvi chapter xvii chapter xviii chapter xix chapter xx chapter xxi book three chapter chapter ii chapter iii chapter iv chapter v chapter vi chapter vii chapter viii chapter ix chapter x chapter xi chapter xii chapter xiii chapter xiv chapter xv chapter xvi chapter xvii chapter xviii chapter xix book four chapter chapter ii chapter iii chapter iv chapter v chapter vi chapter vii chapter viii chapter ix chapter x chapter xi chapter xii chapter xiii chapter xiv chapter xv chapter xvi book five chapter chapter ii chapter iii chapter iv chapter v chapter vi chapter vii chapter viii chapter ix chapter x chapter xi chapter xii chapter xiii chapter xiv chapter xv chapter xvi chapter xvii chapter xviii chapter xix chapter xx chapter xxi chapter xxii book six chapter chapter ii chapter iii chapter iv chapter v chapter vi chapter vii chapter viii chapter ix chapter x chapter xi chapter xii chapter xiii chapter xiv chapter xv chapter xvi chapter xvii chapter xviii chapter xix chapter xx chapter xxi chapter xxii chapter xxiii chapter xxiv chapter xxv chapter xxvi book seven chapter chapter ii chapter iii chapter iv chapter v chapter vi chapter vii chapter viii chapter ix chapter x chapter xi chapter xii chapter xiii book eight chapter chapter ii chapter iii chapter iv chapter v chapter vi chapter vii chapter viii chapter ix chapter x chapter xi chapter xii chapter xiii chapter xiv chapter xv chapter xvi chapter xvii chapter xviii chapter xix chapter xx chapter xxi chapter xxii book nine chapter chapter ii chapter iii chapter iv chapter v chapter vi chapter vii chapter viii chapter ix chapter x chapter xi chapter xii chapter xiii chapter xiv chapter xv chapter xvi chapter xvii chapter xviii chapter xix chapter xx chapter xxi chapter xxii chapter xxiii book ten chapter chapter ii chapter iii chapter iv chapter v chapter vi chapter vii chapter viii chapter ix chapter x chapter xi chapter xii chapter xiii chapter xiv chapter xv chapter xvi chapter xvii chapter xviii chapter xix chapter xx chapter xxi chapter xxii chapter xxiii chapter xxiv chapter xxv chapter xxvi chapter xxvii chapter xxviii chapter xxix chapter xxx chapter xxxi chapter xxxii chapter xxxiii chapter xxxiv chapter xxxv chapter xxxvi chapter xxxvii chapter xxxviii chapter xxxix book eleven chapter chapter ii chapter iii chapter iv chapter v chapter vi chapter vii chapter viii chapter ix chapter x chapter xi chapter xii chapter xiii chapter xiv chapter xv chapter xvi chapter xvii chapter xviii chapter xix chapter xx chapter xxi chapter xxii chapter xxiii chapter xxiv chapter xxv chapter xxvi chapter xxvii chapter xxviii chapter xxix chapter xxx chapter xxxi chapter xxxii chapter xxxiii chapter xxxiv book twelv chapter chapter ii chapter iii chapter iv chapter v chapter vi chapter vii chapter viii chapter ix chapter x chapter xi chapter xii chapter xiii chapter xiv chapter xv chapter xvi book thirteen chapter chapter ii chapter iii chapter iv chapter v chapter vi chapter vii chapter viii chapter ix chapter x chapter xi chapter xii chapter xiii chapter xiv chapter xv chapter xvi chapter xvii chapter xviii chapter xix book fourteen chapter chapter ii chapter iii chapter iv chapter v chapter vi chapter vii chapter viii chapter ix chapter x chapter xi chapter xii chapter xiii chapter xiv chapter xv chapter xvi chapter xvii chapter xviii chapter xix book fifteen chapter chapter ii chapter iii chapter iv chapter v chapter vi chapter vii chapter viii chapter ix chapter x chapter xi chapter xii chapter xiii chapter xiv chapter xv chapter xvi chapter xvii chapter xviii chapter xix chapter xx first epilogu chapter chapter ii chapter iii chapter iv chapter v chapter vi chapter vii chapter viii chapter ix chapter x chapter xi chapter xii chapter xiii chapter xiv chapter xv chapter xvi second epilogu chapter chapter ii chapter iii chapter iv chapter v chapter vi chapter vii chapter viii chapter ix chapter x chapter xi chapter xii book one chapter well princ genoa lucca famili estat buonapart warn dont tell mean war still tri defend infami horror perpetr antichristi realli believ antichristi noth longer friend longer faith slave call
Hamlet,project gutenberg ebook hamlet william shakespear ebook use anyon anywher unit state part world cost almost restrict whatsoev may copi give away reus term project gutenberg licens includ ebook onlin wwwgutenbergorg locat unit state check law countri locat use ebook titl hamlet author william shakespear releas date novemb ebook recent updat novemb languag english produc diann bean start project gutenberg ebook hamlet cover tragedi hamlet princ denmark william shakespear content act scene elsinor platform castl scene ii
The Odyssey,project gutenberg ebook odyssey homer ebook use anyon anywher unit state part world cost almost restrict whatsoev may copi give away reus term project gutenberg licens includ ebook onlin wwwgutenbergorg locat unit state check law countri locat use ebook titl odyssey author homer translat samuel butler releas date april ebook recent updat decemb languag english produc jim tinsley david widger start project gutenberg ebook odyssey illustr odyssey homer render english prose use read origin content prefac first edit prefac second edit odyssey book book ii
Crime and Punishment,start project gutenberg ebook crime punish fyodor dostoevski translat constanc garnett translat prefac word dostoevski may help english reader understand work dostoevski son doctor parent hardwork deepli religi peopl poor live five children two room father mother spent even read aloud children gener book seriou charact though alway sickli delic dostoevski came third final examin petersburg school engin
Wuthering Heights,project gutenberg ebook wuther height emili brontë ebook use anyon anywher unit state part world cost almost restrict whatsoev may copi give away reus term project gutenberg licens includ ebook onlin wwwgutenbergorg locat unit state check law countri locat use ebook titl wuther height author emili brontë releas date decemb ebook recent updat januari languag english charact set encod utf produc david price start project gutenberg ebook wuther height wuther height emili brontë chapter return visit landlordth solitari neighbour shall troubl certainli beauti countri
The Divine Comedy,project gutenberg ebook divin comedi dant alighieri ebook use anyon anywher unit state part world cost almost restrict whatsoev may copi give away reus term project gutenberg licens includ ebook onlin wwwgutenbergorg locat unit state check law countri locat use ebook titl divin comedi vision hell purgatori paradis author dant alighieri translat rev h f cari illustr gustav doré releas date septemb ebook recent updat januari languag english produc david widger start project gutenberg ebook divin comedi divin comedi vision hell purgatori paradis dant alighieri translat rev
Frankenstein,start project gutenberg ebook frankenstein modern prometheu mari wollstonecraft godwin shelley content letter letter letter letter chapter chapter chapter chapter chapter chapter chapter chapter chapter chapter chapter chapter chapter chapter chapter chapter chapter chapter chapter chapter chapter chapter chapter chapter letter mr savil england st petersburgh dec th rejoic hear disast accompani commenc enterpris regard evil forebod arriv yesterday first task assur dear sister welfar increas confid success undertak alreadi far north london walk street petersburgh feel cold northern breez play upon cheek brace nerv fill delight understand feel
Dracula,project gutenberg ebook dracula bram stoker ebook use anyon anywher unit state part world cost almost restrict whatsoev may copi give away reus term project gutenberg licens includ ebook onlin wwwgutenbergorg locat unit state check law countri locat use ebook titl dracula author bram stoker releas date octob ebook recent updat novemb languag english produc chuck greif onlin distribut proofread team start project gutenberg ebook dracula dracula bram stoker illustr colophon new york grosset dunlap publish copyright unit state america accord act congress bram stoker right reserv print unit state countri life press garden citi ny dear friend hommybeg content chapter jonathan harker journal chapter ii jonathan harker journal chapter iii
The Picture of Dorian Gray,start project gutenberg ebook pictur dorian gray oscar wild content prefac chapter chapter ii chapter iii chapter iv chapter v chapter vi
The Iliad,project gutenberg ebook iliad homer ebook use anyon anywher unit state part world cost almost restrict whatsoev may copi give away reus term project gutenberg licens includ ebook onlin wwwgutenbergorg locat unit state check law countri locat use ebook titl iliad author homer translat alexand pope releas date novemb ebook recent updat april languag english charact set encod utf produc ann soulard juliet sutherland charl frank onlin distribut proofread team start project gutenberg ebook iliad iliad homer translat alexand pope note introduct rev theodor aloi buckley fsa
A Tale of Two Cities,project gutenberg ebook tale two citi charl dicken ebook use anyon anywher unit state part world cost almost restrict whatsoev may copi give away reus term project gutenberg licens includ ebook onlin wwwgutenbergorg locat unit state check law countri locat use ebook titl tale two citi stori french revolut author charl dicken releas date januari ebook recent updat decemb languag english charact set encod utf produc judith boss david widger start project gutenberg ebook tale two citi tale two citi stori french revolut charl dicken content book firstrecal life chapter period chapter ii mail chapter iii night shadow chapter iv prepar chapter v wineshop chapter vi shoemak book secondth golden thread chapter five year later chapter ii sight chapter iii disappoint chapter iv congratulatori chapter v jackal chapter vi hundr peopl chapter vii monseigneur town chapter viii monseigneur countri chapter ix gorgon head chapter x two promis chapter xi companion pictur chapter xii fellow delicaci chapter xiii fellow delicaci chapter xiv honest tradesman chapter xv knit chapter xvi still knit chapter xvii one night chapter xviii nine day chapter xix opinion chapter xx plea chapter xxi echo footstep chapter xxii sea still rise chapter xxiii fire rise chapter xxiv drawn loadston rock book thirdth track storm chapter secret chapter ii grindston chapter iii shadow chapter iv calm storm chapter v woodsawy chapter vi triumph chapter vii knock door chapter viii hand card chapter ix game made chapter x substanc shadow chapter xi dusk chapter xii dark chapter xiii fiftytwo chapter xiv knit done chapter xv footstep die ever book firstrecal life chapter period best time worst time age wisdom age foolish epoch belief epoch incredul season light season dark spring hope winter despair everyth us noth us go direct heaven go direct wayin short period far like present period noisiest author insist receiv good evil superl degre comparison
Heart of Darkness,start project gutenberg ebook heart dark joseph conrad content ii iii nelli cruis yawl swung anchor without flutter sail rest flood made wind nearli calm bound river thing come wait turn tide seareach thame stretch us like begin intermin waterway of sea sky weld togeth without joint lumin space tan sail barg drift tide seem stand still red cluster canva sharpli peak gleam varnish sprit haze rest low shore ran sea vanish flat
The Count of Monte Cristo,start project gutenberg ebook count mont cristo alexandr duma père content volum one chapter marseillesth arriv chapter father son chapter catalan chapter conspiraci chapter
Treasure Island,start project gutenberg ebook treasur island robert loui stevenson treasur island slo american gentleman accord whose classic tast follow narr design return numer delight hour kindest wish dedic affection friend author hesit purchas sailor tale sailor tune storm adventur heat cold schooner island maroon buccan buri gold old romanc retold exactli ancient way pleas pleas old wiser youngster today fall studiou youth longer crave ancient appetit forgot kingston ballantyn brave cooper wood wave also may pirat share grave creation lie content part one old buccan
The Scarlet Letter,project gutenberg ebook scarlet letter nathaniel hawthorn ebook use anyon anywher unit state part world cost almost restrict whatsoev may copi give away reus term project gutenberg licens includ ebook onlin wwwgutenbergorg locat unit state check law countri locat use ebook titl scarlet letter author nathaniel hawthorn releas date februari ebook recent updat may languag english charact set encod utf produc dartmouth colleg start project gutenberg ebook scarlet letter scarlet letter nathaniel hawthorn content customhous scarlet letter prison door ii
The Adventures of Tom Sawyer,project gutenberg ebook adventur tom sawyer mark twain ebook use anyon anywher unit state part world cost almost restrict whatsoev may copi give away reus term project gutenberg licens includ ebook onlin wwwgutenbergorg locat unit state check law countri locat use ebook titl adventur tom sawyer author mark twain samuel clemen releas date juli ebook recent updat august languag english produc david widger start project gutenberg ebook adventur tom sawyer adventur tom sawyer mark twain samuel langhorn clemen content chapter youu tomaunt polli decid upon dutytom practic musicth challengea privat entranc chapter ii strong temptationsstrateg movementsth innoc beguil chapter iii
Gulliver's Travels,start project gutenberg ebook gulliv travel sever remot nation world jonathan swift dd dean st patrick dublin first publish cover content publish reader letter captain gulliv cousin sympson part
The Jungle Book,project gutenberg ebook jungl book rudyard kipl ebook use anyon anywher unit state part world cost almost restrict whatsoev may copi give away reus term project gutenberg licens includ ebook onlin wwwgutenbergorg locat unit state check law countri locat use ebook titl jungl book author rudyard kipl illustr e detmold releas date march ebook recent updat may languag english start project gutenberg ebook jungl book jungl book rudyard kipl content mowgli brother huntingsong seeone pack kaa hunt roadsong bandarlog tiger tiger mowgli song white seal lukannon rikkitikkitavi darze chant toomai eleph shiv grasshopp majesti servant parad song camp anim mowgli brother rann kite bring home night mang bat set free herd shut byre hut loos till dawn
Peter Pan,project gutenberg ebook peter pan jame barri ebook use anyon anywher unit state part world cost almost restrict whatsoev may copi give away reus term project gutenberg licens includ ebook onlin wwwgutenbergorg locat unit state check law countri locat use ebook titl peter pan peter pan wendi author jame barri releas date juli ebook recent updat februari languag english charact set encod utf produc duncan research start project gutenberg ebook peter pan peter pan peter wendi j barri jame matthew barri millennium fulcrum edit produc duncan research note copyright initi claim labor involv digit copyright claim consist current copyright requir
Around the World in 80 Days,start project gutenberg ebook illustr around world eighti day jule vern content chapter philea fogg passepartout accept one master man chapter ii passepartout convinc last found ideal chapter iii convers take place seem like cost philea fogg dear chapter iv philea fogg astound passepartout servant chapter v new speci fund unknown money men appear chang chapter vi
The Time Machine,start project gutenberg ebook time machin invent h g well content introduct ii machin iii time travel return iv time travel v golden age vi sunset mankind vii sudden shock viii explan ix morlock x night came xi palac green porcelain xii dark xiii trap white sphinx xiv vision xv time travel return xvi stori epilogu introduct time travel conveni speak expound recondit matter us pale grey eye shone twinkl usual pale face flush anim fire burnt brightli soft radianc incandesc light lili silver caught bubbl flash pass glass chair patent embrac caress us rather submit sat upon luxuri afterdinn atmospher thought run grace free trammel precis
The Call of the Wild,start project gutenberg ebook cover call wild jack london content chapter primit chapter ii law club fang chapter iii domin primordi beast chapter iv mastership chapter v toil trace trail chapter vi
The Prince,start project gutenberg ebook princ nicolo machiavelli translat w k marriott content introduct youth æt offic æt literatur death æt man work dedic princ chapter mani kind princip mean acquir chapter ii
The Adventures of Sherlock Holmes,project gutenberg ebook adventur sherlock holm arthur conan doyl ebook use anyon anywher unit state part world cost almost restrict whatsoev may copi give away reus term project gutenberg licens includ ebook onlin wwwgutenbergorg locat unit state check law countri locat use ebook titl adventur sherlock holm author arthur conan doyl releas date novemb ebook recent updat octob languag english charact set encod utf produc anonym project gutenberg volunt jose menendez start project gutenberg ebook adventur sherlock holm adventur sherlock holm arthur conan doyl content scandal bohemia ii
Little Women,project gutenberg ebook littl women louisa may alcott ebook use anyon anywher unit state part world cost almost restrict whatsoev may copi give away reus term project gutenberg licens includ ebook onlin wwwgutenbergorg locat unit state check law countri locat use ebook titl littl women author louisa may alcott releas date may ebook recent updat novemb languag english charact set encod utf start project gutenberg ebook littl women littl women louisa may alcott content part chapter one play pilgrim chapter two merri christma chapter three laurenc boy chapter four burden chapter five neighborli chapter six beth find palac beauti chapter seven ami valley humili chapter eight jo meet apollyon chapter nine meg goe vaniti fair chapter ten pc po
The Wonderful Wizard of Oz,start project gutenberg ebook illustr wonder wizard oz l frank baum book dedic good friend comrad wife lfb content introduct chapter cyclon chapter ii council munchkin chapter iii dorothi save scarecrow chapter iv
Oliver Twist,start project gutenberg ebook oliv twist parish boy progress charl dicken content treat place oliv twist born circumst attend birth ii treat oliv twist growth educ board iii relat oliv twist near get place would sinecur iv oliv offer anoth place make first entri public life v oliv mingl new associ go funer first time form unfavour notion master busi vi oliv goad taunt noah rous action rather astonish vii oliv continu refractori viii oliv walk london encount road strang sort young gentleman ix contain particular concern pleasant old gentleman hope pupil x oliv becom better acquaint charact new associ purchas experi high price short import chapter histori xi treat mr fang polic magistr furnish slight specimen mode administ justic xii oliv taken better care ever narr revert merri old gentleman youth friend
Les Misérables,start project gutenberg ebook le misérabl victor hugo translat isabel f hapgood thoma crowel co astor place new york copyright illustr bookshelf spine illustr bookcov illustr frontpap illustr frontispiec illustr titlepag volum one illustr titlepag verso content le misérabl prefac volum ifantin book firsta man chapter im myriel chapter iim myriel becom welcom chapter iiia hard bishopr good bishop chapter ivwork correspond word chapter vmonseigneur bienvenu made cassock last long chapter viwho guard hous chapter viicravatt chapter viiiphilosophi drink chapter ixth brother depict sister chapter xthe bishop presenc unknown light chapter xia restrict chapter xiith solitud monseigneur welcom chapter xiiiwhat believ chapter xivwhat thought book secondth fall chapter ith even day walk chapter iiprud counsel wisdom chapter iiith heroism passiv obedi chapter ivdetail concern cheesedairi pontarli chapter vtranquil chapter vijean valjean chapter viith interior despair chapter viiibillow shadow chapter ixnew troubl chapter xthe man arous chapter xiwhat chapter xiith bishop work chapter xiiilittl gervai book thirdin year chapter ith year chapter iia doubl quartett chapter iiifour four chapter ivtholomyè merri sing spanish ditti chapter vat bombarda chapter via chapter ador chapter viith wisdom tholomyè chapter viiith death hors chapter ixa merri end mirth book fourthto confid sometim deliv person power chapter ion mother meet anoth mother chapter iifirst sketch two unprepossess figur chapter iiith lark book fifthth descent chapter ith histori progress black glass trinket chapter iimadelein chapter iiisum deposit laffitt chapter ivm madelein mourn chapter vvagu flash horizon chapter vifath fauchelev chapter viifauchelev becom garden pari chapter viiimadam victurnien expend thirti franc moral chapter ixmadam victurnien success chapter xresult success chapter xichristu no liberavit chapter xiim
Don Quixote (Çeviri),project gutenberg ebook histori quixot miguel de cervant ebook use anyon anywher unit state part world cost almost restrict whatsoev may copi give away reus term project gutenberg licens includ ebook onlin wwwgutenbergorg locat unit state check law countri locat use ebook titl histori quixot author miguel de cervant saavedra translat john ormsbi releas date juli ebook recent updat march languag english produc david widger start project gutenberg ebook quixot bookcoverjpg full size spinejpg k full size quixot miguel de cervant translat john ormsbi ebook editor note book cover spine imag follow part origin ormsbi translationthey taken edit j w clark illustr gustav doré clark edit state english text quixot adopt edit jarvi occasion correct motteaux see introduct john ormsbi critiqu jarvi motteaux translat
The Secret Garden,start project gutenberg ebook secret garden franc hodgson burnett author shuttl make marchio method ladi walderhurst lass lowri one administr littl lord fauntleroy ladi qualiti etc content one left ii mistress mari quit contrari iii across moor iv martha v cri corridor vi
Persuasion,start project gutenberg ebook persuas jane austen content chapter chapter ii chapter iii chapter iv chapter v chapter vi
Sense and Sensibility,project gutenberg ebook sens sensibl jane austen ebook use anyon anywher unit state part world cost almost restrict whatsoev may copi give away reus term project gutenberg licens includ ebook onlin wwwgutenbergorg locat unit state check law countri locat use ebook titl sens sensibl author jane austen releas date septemb ebook recent updat march languag english charact set encod utf special thank due sharon partridg extens proofread correct etext start project gutenberg ebook sens sensibl illustr sens sensibl jane austen content chapter chapter ii chapter iii chapter iv chapter v chapter vi chapter vii chapter viii chapter ix chapter x chapter xi chapter xii chapter xiii chapter xiv chapter xv chapter xvi chapter xvii chapter xviii chapter xix chapter xx chapter xxi chapter xxii chapter xxiii chapter xxiv chapter xxv chapter xxvi chapter xxvii chapter xxviii chapter xxix chapter xxx chapter xxxi chapter xxxii chapter xxxiii chapter xxxiv chapter xxxv chapter xxxvi chapter xxxvii chapter xxxviii chapter xxxix chapter xl chapter xli chapter xlii chapter xliii chapter xliv chapter xlv chapter xlvi chapter xlvii chapter xlviii chapter xlix chapter l chapter
Northanger Abbey,start project gutenberg ebook northang abbey jane austen content advertis authoress northang abbey chapter chapter chapter chapter chapter chapter chapter chapter chapter chapter chapter chapter chapter chapter chapter chapter chapter chapter chapter chapter chapter chapter chapter chapter chapter chapter chapter chapter chapter chapter chapter note text advertis authoress northang abbey littl work finish year intend immedi public dispos booksel even advertis busi proceed farther author never abl learn booksel think worthwhil purchas think worthwhil publish seem extraordinari neither author public concern observ necessari upon part work thirteen year made compar obsolet public entreat bear mind thirteen year pass sinc finish mani sinc begun period place manner book opinion undergon consider chang
Emma,start project gutenberg ebook emma jane austen content volum chapter chapter ii chapter iii chapter iv
The Souls of Black Folk,project gutenberg ebook soul black folk w e b du boi ebook use anyon anywher unit state part world cost almost restrict whatsoev may copi give away reus term project gutenberg licens includ ebook onlin wwwgutenbergorg locat unit state check law countri locat use ebook titl soul black folk author w e b
The Turn of the Screw,start project gutenberg ebook turn screw henri jame content turn screw ii iii iv v vi vii viii ix x xi xii xiii xiv xv xvi xvii xviii xix xx xxi xxii xxiii xxiv turn screw stori held us round fire suffici breathless except obviou remark gruesom christma eve old hous strang tale essenti rememb comment utter till somebodi happen say case met visit fallen child case may mention apparit old hous gather us occasionan appear dread kind littl boy sleep room mother wake terror wake dissip dread sooth sleep encount also succeed sight shaken observ drew douglasnot immedi later eveninga repli interest consequ call attent someon els told stori particularli effect saw follow took sign someth produc wait
The War of the Worlds,project gutenberg ebook war world h g well ebook use anyon anywher unit state part world cost almost restrict whatsoev may copi give away reus term project gutenberg licens includ ebook onlin wwwgutenbergorg locat unit state check law countri locat use ebook titl war world author h g well releas date juli ebook recent updat novemb languag english charact set encod utf start project gutenberg ebook war world cover war world h g well shall dwell world inhabit
The Wind in the Willows,project gutenberg ebook wind willow ebook use anyon anywher unit state part world cost almost restrict whatsoev may copi give away reus term project gutenberg licens includ ebook onlin wwwgutenbergorg locat unit state check law countri locat use ebook titl wind willow author kenneth graham illustr paul bransom releas date januari ebook languag english credit produc david edward jen hain onlin distribut proofread team httpwwwpgdpnet file produc imag gener made avail internet archiveamerican librari start project gutenberg ebook wind willow produc david edward jen hain onlin distribut proofread team httpwwwpgdpnet file produc imag gener made avail internet archiveamerican librari
The Hound of the Baskervilles,project gutenberg ebook hound baskervil arthur conan doyl ebook use anyon anywher unit state part world cost almost restrict whatsoev may copi give away reus term project gutenberg licens includ ebook onlin wwwgutenbergorg locat unit state check law countri locat use ebook titl hound baskervil author arthur conan doyl releas date octob ebook recent updat june languag english charact set encod utf produc shreevatsa r david widger start project gutenberg ebook hound baskervil cover hound baskervil anoth adventur sherlock holm conan doyl dear robinson account westcountri legend tale owe incept help detail thank
The Man Who Was Thursday,project gutenberg ebook man thursday g k chesterton ebook use anyon anywher unit state part world cost almost restrict whatsoev may copi give away reus term project gutenberg licens includ ebook onlin wwwgutenbergorg locat unit state check law countri locat use ebook titl man thursday nightmar author g k chesterton releas date april ebook recent updat februari languag english charact set encod utf produc harri plantinga david widger start project gutenberg ebook man thursday man thursday nightmar g k chesterton content wild mad hilari profoundli move tale man thursday chapter two poet saffron park chapter ii
A Christmas Carol,project gutenberg ebook christma carol charl dicken ebook use anyon anywher unit state part world cost almost restrict whatsoev may copi give away reus term project gutenberg licens includ ebook onlin wwwgutenbergorg locat unit state check law countri locat use ebook titl christma carol ghost stori christma author charl dicken releas date ebook recent updat march languag english charact set encod utf produc jose menendez david widger start project gutenberg ebook christma carol christma carol prose ghost stori christma charl dicken prefac endeavour ghostli littl book rais ghost idea shall put reader humour season may haunt hous pleasantli one wish lay
Dr. Jekyll and Mr. Hyde,start project gutenberg ebook strang case dr jekyl mr hyde robert loui stevenson content stori door search mr hyde dr jekyl quit eas carew murder case incid letter incid dr lanyon incid window last night dr lanyon narr henri jekyl full statement case stori door mr utterson lawyer man rug counten never light smile cold scanti embarrass discours backward sentiment lean long dusti dreari yet somehow lovabl friendli meet wine tast someth emin human beacon eye someth inde never found way talk spoke silent symbol afterdinn face often loudli act life auster drank gin alon mortifi tast vintag though enjoy theatr cross door one twenti year approv toler other sometim wonder almost envi high pressur spirit involv misde extrem inclin help rather reprov inclin cain heresi use say quaintli let brother go devil way charact frequent fortun last reput acquaint last good influenc live downgo men
The Thirty-Nine Steps,project gutenberg ebook thirtynin step john buchan ebook use anyon anywher unit state part world cost almost restrict whatsoev may copi give away reus term project gutenberg licens includ ebook onlin wwwgutenbergorg locat unit state check law countri locat use ebook titl thirtynin step author john buchan releas date june ebook recent updat octob languag english charact set encod utf produc jo churcher html version al hain
The Metamorphosis,project gutenberg ebook metamorphosi franz kafka ebook use anyon anywher unit state part world cost almost restrict whatsoev may copi give away reus term project gutenberg licens includ ebook onlin wwwgutenbergorg locat unit state check law countri locat use ebook copyright project gutenberg ebook detail pleas follow copyright guidelin file titl metamorphosi author franz kafka translat david wylli releas date may ebook recent updat may languag english charact set encod utf copyright c david wylli
Ethan Frome,start project gutenberg ebook ethan frome edith wharton ethan frome stori bit bit variou peopl gener happen case time differ stori know starkfield massachusett know postoffic know postoffic must seen ethan frome drive drop rein hollowback bay drag across brick pavement white colonnad must ask sever year ago saw first time sight pull sharp even strike figur starkfield though ruin man
The Legend of Sleepy Hollow,project gutenberg ebook sketch book geoffrey crayon gent washington irv ebook use anyon anywher cost almost restrict whatsoev may copi give away reus term project gutenberg licens includ ebook onlin wwwgutenbergorg titl sketch book geoffrey crayon gent author washington irv releas date august ebook last updat septemb languag english charact set encod utf start project gutenberg ebook sketch book produc nelson niev sketch book geoffrey crayon gent washington irv content prefac author account voyag rosco wife rip van winkl english writer america rural life england broken heart art bookmak royal poet countri church widow son sunday london boar head tavern mutabl literatur rural funer inn kitchen spectr bridegroom westminst abbey christma stagecoach christma eve christma day christma dinner london antiqu littl britain statfordonavon trait indian charact philip pokanoket john bull pride villag angler legend sleepi hollow lenvoy sketchbook geoffrey crayon gent wife children good bad provid
The Yellow Wallpaper,start project gutenberg ebook yellow wallpap charlott perkin gilman seldom mere ordinari peopl like john secur ancestr hall summer coloni mansion hereditari estat would say haunt hous reach height romant felicitybut would ask much fate still proudli declar someth queer els let cheapli stood long unten
The Man in the Iron Mask,start project gutenberg ebook man iron mask alexandr duma père transcrib note may awar project gutenberg involv write alexandr dumas time sinc get question order book read publish follow comment hope help reader vicomt de bragelonn final volum dartagnan romanc usual split three four part final portion entitl man iron mask man iron mask familiar today last volum fourvolum edit edit split manner henc confusionbut waitther yet reason confus intend vicomt de bragelonn split four etext entitl vicomt de bragelonn ten year later louis de la vallièr man iron mask
Memoirs of Sherlock Holmes,project gutenberg ebook memoir sherlock holm arthur conan doyl ebook use anyon anywher unit state part world cost almost restrict whatsoev may copi give away reus term project gutenberg licens includ ebook onlin wwwgutenbergorg locat unit state check law countri locat use ebook titl memoir sherlock holm author arthur conan doyl releas date march ebook recent updat decemb languag english produc angela cabl start project gutenberg ebook memoir sherlock holm cover memoir sherlock holm arthur conan doyl content silver blaze ii
Return of Sherlock Holmes,project gutenberg return sherlock holm arthur conan doyl ebook use anyon anywher cost almost restrict whatsoev may copi give away reus term project gutenberg licens includ ebook onlin wwwgutenbergorg titl return sherlock holm magazin edit author arthur conan doyl releas date juli ebook origin releas date februari last updat march languag english charact set encod utf start project gutenberg ebook return sherlock holm produc charl keller joann brown frank sadowski roger squir return sherlock holm arthur conan doyl content adventur empti hous adventur norwood builder
A Study in Scarlet,project gutenberg ebook studi scarlet arthur conan doyl ebook use anyon anywher unit state part world cost almost restrict whatsoev may copi give away reus term project gutenberg licens includ ebook onlin wwwgutenbergorg locat unit state check law countri locat use ebook titl studi scarlet author arthur conan doyl releas date april ebook recent updat april languag english produc roger squir david widger start project gutenberg ebook studi scarlet studi scarlet conan doyl content studi scarlet part
The Valley of Fear,start project gutenberg ebook valley fear sir arthur conan doyl content part ith tragedi birlston chapter ith warn chapter iisherlock holm discours chapter iiith tragedi birlston chapter ivdark chapter vthe peopl drama chapter via dawn light chapter viith solut part iith scowrer chapter ith man chapter iith bodymast chapter iiilodg vermissa chapter ivth valley fear chapter vthe darkest hour chapter vidang chapter viith trap birdi edward epilogu illustr what mr holm man witchcraft name wonder get name instant could sworn faintest shadow smile flicker woman lip watson would afraid sleep room lunat heart big bodi soul fine face id ask noth better said mcmurdo could keep scream
A Princess of Mars,start project gutenberg ebook illustr princess mar edgar rice burrough son jack content foreword chapter arizona hill chapter ii escap dead chapter iii advent mar chapter iv prison chapter v elud watch dog chapter vi fight friend chapter vii childrais mar chapter viii fair captiv sky chapter ix learn languag chapter x champion chief chapter xi dejah thori chapter xii prison power chapter xiii lovemak mar chapter xiv duel death chapter xv sola tell stori chapter xvi plan escap chapter xvii costli recaptur chapter xviii chain warhoon chapter xix battl arena chapter xx atmospher factori chapter xxi air scout zodanga chapter xxii find dejah chapter xxiii lost sky chapter xxiv tar tarka find friend chapter xxv loot zodanga chapter xxvi carnag joy chapter xxvii joy death chapter xxviii arizona cave illustr sought dejah thori throng depart chariot drew upon marbl floor first map barsoomian territori ever seen old man sat talk hour back golden throne fought dejah thori foreword reader work submit captain carter strang manuscript book form believ word rel remark person interest
At the Earth’s Core,project gutenberg ebook peopl time forgot ebook use anyon anywher unit state part world cost almost restrict whatsoev may copi give away reus term project gutenberg licens includ ebook onlin wwwgutenbergorg locat unit state check law countri locat use ebook titl peopl time forgot author edgar rice burrough releas date june ebook recent updat januari languag english credit produc judith boss html version al hain
Tarzan of the Apes,project gutenberg ebook tarzan ape edgar rice burrough ebook use anyon anywher unit state part world cost almost restrict whatsoev may copi give away reus term project gutenberg licens includ ebook onlin wwwgutenbergorg locat unit state check law countri locat use ebook titl tarzan ape author edgar rice burrough releas date august ebook recent updat august languag english charact set encod utf produc judith boss html version al hain
The Lost World,start project gutenberg ebook lost world wrought simpl plan give one hour joy boy who half man man who half boy lost world sir arthur conan doyl copyright foreword mr e malon desir state injunct restraint libel action withdrawn unreservedli professor g e challeng satisfi critic comment book meant offens spirit guarante place impedi public circul content chapter heroism round us ii tri luck professor challeng iii
The Island of Doctor Moreau,start project gutenberg ebook island doctor moreau illustr island doctor moreau h g well content introduct dingey ladi vain ii man go nowher iii strang face iv schooner rail v man nowher go vi
The Invisible Man,project gutenberg ebook invis man h g well ebook use anyon anywher unit state part world cost almost restrict whatsoev may copi give away reus term project gutenberg licens includ ebook onlin wwwgutenbergorg locat unit state check law countri locat use ebook titl invis man author h g well releas date june ebook recent updat octob languag english charact set encod utf produc andrew sli start project gutenberg ebook invis man illustr invis man grotesqu romanc h g well content strang man arriv ii
The House of Mirth,project gutenberg ebook hous mirth edith wharton ebook use anyon anywher unit state part world cost almost restrict whatsoev may copi give away reus term project gutenberg licens includ ebook onlin wwwgutenbergorg locat unit state check law countri locat use ebook titl hous mirth author edith wharton releas date june ebook recent updat februari languag english produc david start project gutenberg ebook hous mirth hous mirth edith wharton book one chapter selden paus surpris afternoon rush grand central station eye refresh sight miss lili bart
The Age of Innocence,start project gutenberg ebook kidnap memoir adventur david balfour year kidnap cast away suffer desert isl journey wild highland acquaint alan breck stewart notori highland jacobit suffer hand uncl ebenez balfour shaw fals call written set forth robert loui stevenson prefac mr stevenson prefac biograph edit husband mr henley engag write play bournemouth made number titl hope use futur dramat composit husband prefer torrent mr henley enthusiasm swept feet howev sever play finish health serious impair endeavour keep mr henley play write abandon forev husband return legitim vocat ad one titl hang judg list project play thrown asid embolden husband offer give help need conclud tri write want trial scene old bailey chose period purpos shame ignor subject husband confess littl knowledg possess london booksel commiss send us everyth could procur bear old bailey trial
The Awakening,project gutenberg ebook awaken select short stori kate chopin ebook use anyon anywher unit state part world cost almost restrict whatsoev may copi give away reus term project gutenberg licens includ ebook onlin wwwgutenbergorg locat unit state check law countri locat use ebook titl awaken select short stori author kate chopin releas date august ebook recent updat februari languag english charact set encod utf produc judith boss david widger start project gutenberg ebook awaken select short stori awaken select short stori kate chopin content awaken ii iii iv v vi vii viii ix x xi xii xiii xiv xv xvi xvii xviii xix xx xxi xxii xxiii xxiv xxv xxvi xxvii xxviii xxix xxx xxxi xxxii xxxiii xxxiv xxxv xxxvi xxxvii xxxviii xxxix beyond bayou maam pélagi ii iii iv désiré babi respect woman kiss pair silk stock locket ii reflect awaken green yellow parrot hung cage outsid door kept repeat allez vousen allez vousen
The Secret Agent,project gutenberg ebook secret agent joseph conrad ebook use anyon anywher unit state part world cost almost restrict whatsoev may copi give away reus term project gutenberg licens includ ebook onlin wwwgutenbergorg locat unit state check law countri locat use ebook titl secret agent simpl tale author joseph conrad releas date june ebook recent updat februari languag english produc david price start project gutenberg ebook secret agent secret agent simpl tale joseph conrad second edit methuen co essex street w c london first publish
The Brothers Karamazov,project gutenberg ebook brother karamazov fyodor dostoyevski ebook use anyon anywher unit state part world cost almost restrict whatsoev may copi give away reus term project gutenberg licens includ ebook onlin wwwgutenbergorg locat unit state check law countri locat use ebook titl brother karamazov author fyodor dostoyevski translat constanc garnett releas date februari ebook recent updat januari languag english start project gutenberg ebook brother karamazov brother karamazov translat russian fyodor dostoyevski constanc garnett lowel press new york content part book histori famili chapter fyodor pavlovitch karamazov chapter ii
Notes from the Underground,project gutenberg ebook note underground fyodor dostoyevski ebook use anyon anywher unit state part world cost almost restrict whatsoev may copi give away reus term project gutenberg licens includ ebook onlin wwwgutenbergorg locat unit state check law countri locat use ebook titl note underground author fyodor dostoyevski translat constanc garnett releas date juli ebook recent updat decemb languag english charact set encod utf produc judith boss html version al hain start project gutenberg ebook note underground note underground fyodor dostoyevski content note underground part underground ii iii iv v vi vii viii ix x xi part ii à propo wet snow ii iii iv v vi vii viii ix x note underground novel author diari diari cours imaginari
Thus Spoke Zarathustra,project gutenberg ebook thu spake zarathustra friedrich nietzsch ebook use anyon anywher unit state part world cost almost restrict whatsoev may copi give away reus term project gutenberg licens includ ebook onlin wwwgutenbergorg locat unit state check law countri locat use ebook titl thu spake zarathustra book none author friedrich nietzsch translat thoma common releas date decemb ebook recent updat april languag english charact set encod utf produc sue asscher david widger revis richard tons pg editor note archaic spell punctuat usag chang
Beyond Good and Evil,project gutenberg ebook beyond good evil ebook use anyon anywher unit state part world cost almost restrict whatsoev may copi give away reus term project gutenberg licens includ ebook onlin wwwgutenbergorg locat unit state check law countri locat use ebook titl beyond good evil author friedrich wilhelm nietzsch translat helen zimmern releas date august ebook recent updat januari languag english credit produc john mamoun charl frank david widger onlin distribut proofread team start project gutenberg ebook beyond good evil produc john mamoun charl frank onlin distribut proofread team beyond good evil friedrich nietzsch translat helen zimmern transcrib note etext edit follow reprint helen zimmern translat german english beyond good evil publish complet work friedrich nietzsch adapt origin text made format etext
The Social Contract,start project gutenberg ebook note imag origin page avail googl book librari project see httpwwwgooglecombooksidexnpaaaamaaj social contract discours jean jacqu rousseau london toronto publish j dent son new york e p dutton co everyman librari edit ernest rhi philosophi theolog rousseau social contract etc translat introduct gdh cole fellow magdalen colleg oxford introduct studi great writer thinker past histor imagin first necess without mental refer environ live hope penetr inessenti temporari absolut perman valu thought
Candide,project gutenberg ebook candid ebook use anyon anywher unit state part world cost almost restrict whatsoev may copi give away reus term project gutenberg licens includ ebook onlin wwwgutenbergorg locat unit state check law countri locat use ebook titl candid author voltair releas date novemb ebook languag english credit produc chuck greif fox star onlin distribut proofread team httpwwwpgdpnet start project gutenberg ebook candid produc chuck greif fox star onlin distribut proofread team httpwwwpgdpnet transcrib note obviou typograph error correct text complet list pleas see bottom document
The Federalist Papers,start project gutenberg ebook federalist paper alexand hamilton john jay jame madison federalist gener introduct independ journal saturday octob hamilton peopl state new york unequivoc experi inefficaci subsist feder govern call upon deliber new constitut unit state america subject speak import comprehend consequ noth less exist union safeti welfar part compos fate empir mani respect interest world frequent remark seem reserv peopl countri conduct exampl decid import question whether societi men realli capabl establish good govern reflect choic whether forev destin depend polit constitut accid forc
Common Sense,start project gutenberg ebook common sens address inhabit america follow interest subject origin design govern gener concis remark english constitut monarchi hereditari success thought present state american affair present abil america miscellan reflect new edit sever addit bodi work ad appendix togeth address peopl call quaker man know master save creat heaven choic common good ordain thomson
Democracy in America,start project gutenberg ebook democraci america alexi de tocquevil avocat à la cour royal de pari etc etc translat henri reev esq two volum vol london saunder otley conduit street content book one introductori chapter chapter exterior form north america chapter summari chapter ii origin angloamericanspart chapter summari chapter ii origin angloamericanspart ii chapter iii social condit angloamerican chapter summari chapter iv principl sovereignti peopl america chapter summari chapter v necess examin condit statespart chapter v necess examin condit statespart ii chapter v necess examin condit statespart iii chapter vi judici power unit state chapter summari chapter vii polit jurisdict unit state chapter summari chapter viii feder constitutionpart chapter summari summari feder constitut chapter viii feder constitutionpart ii chapter viii feder constitutionpart iii chapter viii feder constitutionpart iv chapter viii feder constitutionpart v chapter ix peopl may strictli said govern unit chapter x parti unit state chapter summari parti unit state chapter xi liberti press unit state chapter summari chapter xii polit associ unit state chapter summari chapter xiii govern democraci americapart chapter xiii govern democraci americapart ii chapter xiii govern democraci americapart iii chapter xiv advantag american societi deriv democracypart chapter xiv advantag american societi deriv democracypart ii chapter xv unlimit power major consequencespart chapter summari chapter xv unlimit power major consequencespart ii chapter xvi caus mitig tyranni unit statespart chapter summari chapter xvi caus mitig tyranni unit statespart ii chapter xvii princip caus maintain democrat republicpart chapter xvii princip caus maintain democrat republicpart ii chapter xvii princip caus maintain democrat republicpart iii chapter xvii princip caus maintain democrat republicpart iv chapter xviii futur condit three race unit statespart chapter xviii futur condit three racespart ii chapter xviii futur condit three racespart iii chapter xviii futur condit three racespart iv chapter xviii futur condit three racespart v chapter xviii futur condit three racespart vi chapter xviii futur condit three racespart vii chapter xviii futur condit three racespart viii chapter xviii futur condit three racespart ix chapter xviii futur condit three racespart x conclus book one introductori chapter amongst novel object attract attent stay unit state noth struck forcibl gener equal condit
Narrative of the Life of Frederick Douglass,project gutenberg ebook narr life frederick douglass frederick douglass ebook use anyon anywher unit state part world cost almost restrict whatsoev may copi give away reus term project gutenberg licens includ ebook onlin wwwgutenbergorg locat unit state check law countri locat use ebook titl narr life frederick douglass american slave author frederick douglass releas date januari ebook recent updat februari languag english charact set encod utf produc anonym volunt david widger start project gutenberg ebook narr life frederick douglass narr life frederick douglass american slave written
Confessions of St. Augustine,project gutenberg ebook confess saint augustin saint augustin ebook use anyon anywher unit state part world cost almost restrict whatsoev may copi give away reus term project gutenberg licens includ ebook onlin wwwgutenbergorg locat unit state check law countri locat use ebook titl confess saint augustin author saint augustin translat e b pusey edward bouveri releas date march ebook recent updat may languag english produc robert munday start project gutenberg ebook confess saint augustin confess saint augustin saint augustin bishop hippo translat e b pusey edward bouveri ad book great art thou lord greatli prais great thi power thi wisdom infinit thee would man prais man particl thi creation man bear mortal wit sin wit thou resistest proud yet would man prais thee particl thi creation
The Republic,project gutenberg ebook republ plato ebook use anyon anywher unit state part world cost almost restrict whatsoev may copi give away reus term project gutenberg licens includ ebook onlin wwwgutenbergorg locat unit state check law countri locat use ebook titl republ author plato translat b jowett releas date octob ebook recent updat septemb languag english charact set encod utf produc sue asscher david widger start project gutenberg ebook republ republ plato translat benjamin jowett note see also republ plato jowett ebook content introduct analysi republ
Meditations,project gutenberg ebook medit marcu aureliu ebook use anyon anywher unit state part world cost almost restrict whatsoev may copi give away reus term project gutenberg licens includ ebook onlin wwwgutenbergorg locat unit state check law countri locat use ebook titl medit author marcu aureliu translat meric casaubon releas date june ebook recent updat march languag english charact set encod utf produc j boulton david widger start project gutenberg ebook medit medit marcu aureliu content note introduct first book second book third book fourth book fifth book sixth book seventh book eighth book ninth book tenth book eleventh book twelfth book appendix glossari introduct marcu aureliu antoninu born april ad real name anniu veru sprung nobl famili claim descent numa second king rome
Walden,start project gutenberg ebook walden duti civil disobedi henri david thoreau cover content walden economi live live read sound solitud visitor beanfield villag pond baker farm higher law brute neighbor housewarm former inhabit winter visitor winter anim pond winter spring conclus duti civil disobedi walden economi wrote follow page rather bulk live alon wood mile neighbor hous built shore walden pond concord massachusett earn live labor hand live two year two month present sojourn civil life obtrud affair much notic reader particular inquiri made townsmen concern mode life would call impertin though appear impertin consid circumst natur pertin ask got eat feel lonesom afraid like
On the Origin of Species,project gutenberg ebook origin speci charl darwin ebook use anyon anywher unit state part world cost almost restrict whatsoev may copi give away reus term project gutenberg licens includ ebook onlin wwwgutenbergorg locat unit state check law countri locat use ebook titl origin speci th edit author charl darwin releas date decemb ebook recent updat novemb languag english charact set encod utf produc sue asscher david widger start project gutenberg ebook origin speci sever edit ebook project gutenberg collect variou characterist ebook list aid select prefer file
The Communist Manifesto,project gutenberg ebook communist manifesto karl marx friedrich engel ebook use anyon anywher unit state part world cost almost restrict whatsoev may copi give away reus term project gutenberg licens includ ebook onlin wwwgutenbergorg locat unit state check law countri locat use ebook titl communist manifesto author karl marx friedrich engel releas date april ebook recent updat march languag english charact set encod utf produc allen lutin jim tarzia start project gutenberg ebook communist manifesto communist manifesto karl marx friedrich engel english edit edit friedrich engel content bourgeoi proletarian ii proletarian communist iii
The Wealth of Nations,project gutenberg ebook oakdal affair edgar rice burrough ebook use anyon anywher cost almost restrict whatsoev may copi give away reus term project gutenberg licens includ ebook onlin wwwgutenbergorg titl oakdal affair author edgar rice burrough releas date juli ebook last updat march languag english charact set encod utf start project gutenberg ebook oakdal affair produc judith boss oakdal affair edgar rice burrough chapter one chapter ed hous hill show light upon first floorin spaciou recept hall dine room less mysteri purlieu thereof eman disagre odor agreeabl food behind low bush across wide lawn pair eye transfer alert brain simpl percept brain deduc sherlockian accuraci raffleian purpos famili presid first nation bank ofoh let call oakdalewa dinner servant stair second floor desert owner eye recent descend quarter chauffeur garag enter thief night quit apparel perfectli good suit cloth belong gentlemanli chauffeur soft check cap pull well pair larg brown eye rather strain express might suggest alienist certain neophyt even stern set well shape lip could effectu beli
The Prince and the Pauper,project gutenberg ebook confisc outlin ebook use anyon anywher unit state part world cost almost restrict whatsoev may copi give away reus term project gutenberg licens includ ebook onlin wwwgutenbergorg locat unit state check law countri locat use ebook titl confisc outlin author william greenwood releas date may ebook recent updat april languag english start project gutenberg ebook confisc outlin confisc outlin william greenwood palac nob hill unit state toadstool decay go republ today page
Gitanjali,start project gutenberg ebook illustr snowimag nathaniel hawthorn illustr snowimag new york jame g gregori snowimag childish miracl nathaniel hawthorn illustr marcu waterman
A Room of One’s Own,project gutenberg man could lose richard hard davi ebook use anyon anywher cost almost restrict whatsoev may copi give away reus term project gutenberg licens includ ebook onlin wwwgutenbergorg titl man could lose author richard hard davi post date octob ebook releas date may last updat septemb languag english charact set encod utf start project gutenberg ebook man could lose produc aaron cannon man could lose richard hard davi carter marri hast refus repent leisur blindli love consid marriag greatest asset rest world repres mutual friend consid thing could urg either singl popular
The Canterbury Tales,project gutenberg ebook fortun glori stori soudan war ebook use anyon anywher unit state part world cost almost restrict whatsoev may copi give away reus term project gutenberg licens includ ebook onlin wwwgutenbergorg locat unit state check law countri locat use ebook titl fortun glori stori soudan war author lewi hough illustr walter paget releas date april ebook languag english credit produc nick hodson london england start project gutenberg ebook fortun glori stori soudan war produc nick hodson london england fortun glori stori soudan war lewi hough littl nervou know lewi hough got write book differ set masterli doctor jolliff boy fact stori open board school british public school call harton
The Power of the Dog,project gutenberg ebook kaukonäkijä eli kuvauksia ruijasta ebook use anyon anywher unit state part world cost almost restrict whatsoev may copi give away reus term project gutenberg licens includ ebook onlin wwwgutenbergorg locat unit state check law countri locat use ebook titl kaukonäkijä eli kuvauksia ruijasta author jona lie releas date may ebook recent updat decemb languag finnish credit produc matti järvinen tuija lindholm pg distribut proofread start project gutenberg ebook kaukonäkijä eli kuvauksia ruijasta produc matti järvinen tuija lindholm pg distribut proofread kaukonäkijä eli kuvauksia ruijasta jona lie suomentanut tekla lampén ensimmäisen kerran julkaissut werner söderström osakeyhtiö
The Aeneid,start project gutenberg ebook love freindship earli work collect juvenil write jane austen content love freindship letter first isabel laura letter nd laura isabel letter rd laura mariann letter th laura mariann letter th laura mariann letter th laura mariann letter th laura mariann letter th laura mariann continu letter th letter th laura continu letter th laura continu letter th laura continu letter th laura continu letter th laura continu letter th laura continu unfinish novel letter lesley castl letter first miss margaret lesley miss charlott lutterel letter second miss c lutterel miss lesley answer letter third miss margaret lesley miss c lutterel letter fourth miss c lutterel miss lesley letter fifth miss margaret lesley miss charlott lutterel letter sixth ladi lesley miss charlott lutterel letter seventh miss c lutterel miss lesley letter eighth miss lutterel mr marlow letter ninth mr marlow miss lutterel letter tenth miss margaret lesley miss charlott lutterel histori england collect letter miss cooper letter first mother freind letter second young ladi cross love freind letter third young ladi distress circumst freind letter fourth young ladi rather impertin freind letter fifth young ladi much love freind femal philosoph first act comedi letter young ladi whose feel strong tour walesin letter young ladi tale love freindship madam la comtess de feuillid novel inscrib oblig humbl servant author
The Complete Works of William Shakespeare,start project gutenberg ebook magna carta content text magna carta magna carta text magna carta note michael hart prepar version file contain number version magna carta littl mangl transit sure volunt find correct error didnt catch version signific improv well least one version latin version may contain dozen differ version text magna carta john grace god king england lord ireland duke normandi aquitain count anjou archbishop bishop abbot earl baron justic forest sheriff steward servant offici loyal subject greet
The Art of War,project gutenberg ebook select prose oscar wild ebook use anyon anywher unit state part world cost almost restrict whatsoev may copi give away reus term project gutenberg licens includ ebook onlin wwwgutenbergorg locat unit state check law countri locat use ebook titl select prose oscar wild author oscar wild editor robert baldwin ross releas date june ebook recent updat decemb languag english credit transcrib methuen co edit david price start project gutenberg ebook select prose oscar wild transcrib methuen co edit david price email ccxcoventryacuk select prose oscar wild content prefac robert ross struck contemporari qualiti georg meredith life fallaci model life discipl life plagiarist indispens east influenc impressionist climat exposur natur thoma griffith wainewright wainewright hobart town cardin newman autobiograph robert brown two suprem highest art secret immort critic materi dant live guid limit geniu want new background without frontier poetri archaeolog art archaeolog herod suppliant tetrarch remors tetrarch treasur salom anticip dr strauss young king coron king spain bull fight throne room protect countri blackmail emperor covent garden letter miss jane perci aunt triumph american humor garden death eton kitcat mr erlynn exercis prerog grandmoth motherhood marriag damnabl ideal reject prizeessay possibl use artist doer good discipl master hous judgment teacher wisdom wild give direct de profundi carey street sorrow wear mask vita nuova grand romant clapham junction broken resolut domest bernev visit pope dedic antholog dedic michael lykiardopulo littl token servic english literatur great russian empir prefac possibl except greek antholog golden treasuri bear name e v luca select poetri prose ever given complet satisfact anyon except compil
The Old Man and the Sea,project gutenberg ebook madam ladi first lesson earth lore children ebook use anyon anywher unit state part world cost almost restrict whatsoev may copi give away reus term project gutenberg licens includ ebook onlin wwwgutenbergorg locat unit state check law countri locat use ebook titl madam ladi first lesson earth lore children author charl kingsley releas date april ebook recent updat decemb languag english credit transcrib macmillan co edit david price start project gutenberg ebook madam ladi first lesson earth lore children transcrib macmillan co edit david price email ccxcoventryacuk madam ladi first lesson earth lore children dedic son grenvil arthur schoolfellow winton hous littl book dedic prefac dear boyswhen age children book
The Trial,project gutenberg ebook twelv stori dream h g well ebook use anyon anywher cost almost restrict whatsoev may copi give away reus term project gutenberg licens includ ebook onlin wwwgutenbergorg titl twelv stori dream author h g well post date septemb ebook releas date may last updat march languag english charact set encod utf start project gutenberg ebook twelv stori dream produc aaron cannon stephani johnson twelv stori dream h g well content filmer magic shop valley spider
The Plague,project gutenberg ebook letter marcu tulliu cicero ebook use anyon anywher unit state part world cost almost restrict whatsoev may copi give away reus term project gutenberg licens includ ebook onlin wwwgutenbergorg locat unit state check law countri locat use ebook titl letter marcu tulliu cicero author marcu tulliu cicero translat evelyn shuckburgh releas date septemb ebook recent updat april languag english credit prepar david reed start project gutenberg ebook letter marcu tulliu cicero prepar david reed haraddaaolcom davidrinconnectcom letter cicero marcu tulliu cicero translat e shuckburgh letter cicero vari charact rang inform commun member famili seriou elabor composit practic treatis epistolari form
The House of the Seven Gables,start project gutenberg ebook mansfield park jane austen content chapter chapter ii chapter iii chapter iv chapter v chapter vi chapter vii chapter viii chapter ix chapter x chapter xi chapter xii chapter xiii chapter xiv chapter xv chapter xvi chapter xvii chapter xviii chapter xix chapter xx chapter xxi chapter xxii chapter xxiii chapter xxiv chapter xxv chapter xxvi chapter xxvii chapter xxviii chapter xxix chapter xxx chapter xxxi chapter xxxii chapter xxxiii chapter xxxiv chapter xxxv chapter xxxvi chapter xxxvii chapter xxxviii chapter xxxix chapter xl chapter xli chapter xlii chapter xliii chapter xliv chapter xlv chapter xlvi chapter xlvii chapter xlviii chapter thirti year ago miss maria ward huntingdon seven thousand pound good luck captiv sir thoma bertram mansfield park counti northampton therebi rais rank baronet ladi comfort consequ handsom hous larg incom huntingdon exclaim great match uncl lawyer allow least three thousand pound short equit claim two sister benefit elev acquaint thought miss ward miss franc quit handsom miss maria scrupl predict marri almost equal advantag certainli mani men larg fortun world pretti women deserv miss ward end half dozen year found oblig attach rev
The Scarlet Pimpernel,project gutenberg ebook red cross girl richard hard davi ebook use anyon anywher cost almost restrict whatsoev may copi give away reus term project gutenberg licens includ ebook onlin wwwgutenbergorg titl red cross girl author richard hard davi comment gouverneur morri post date novemb ebook last updat march languag english charact set encod utf start project gutenberg ebook red cross girl produc aaron cannon red cross girl novel stori richard hard davi richard hard davi introduct gouverneur morri content introduct gouverneur morri red cross girl grand cross crescent invas england
The Murder of Roger Ackroyd,project gutenberg ebook eryxia ebook use anyon anywher unit state part world cost almost restrict whatsoev may copi give away reus term project gutenberg licens includ ebook onlin wwwgutenbergorg locat unit state check law countri locat use ebook titl eryxia author plato translat benjamin jowett releas date march ebook recent updat novemb languag english credit produc sue asscher david widger start project gutenberg ebook eryxia produc sue asscher eryxia platon imit see appendix ii translat benjamin jowett appendix ii two dialogu translat second appendix mention aristotl earli author claim ascrib plato
The Three Musketeers,project gutenberg ebook princ pauper part ebook use anyon anywher unit state part world cost almost restrict whatsoev may copi give away reus term project gutenberg licens includ ebook onlin wwwgutenbergorg locat unit state check law countri locat use ebook titl princ pauper part
Dracula's Guest,project gutenberg ebook khediv countri ebook use anyon anywher unit state part world cost almost restrict whatsoev may copi give away reus term project gutenberg licens includ ebook onlin wwwgutenbergorg locat unit state check law countri locat use ebook titl khediv countri author georg manvil fenn releas date novemb ebook languag english credit produc nick hodson london england start project gutenberg ebook khediv countri produc nick hodson london england khediv countri georg manvil fenn khediv countri georg manvil fenn
A Connecticut Yankee in King Arthur's Court,start project gutenberg ebook connecticut yanke king arthur court mark twain samuel l clemen prefac ungentl law custom touch upon tale histor episod use illustr also histor pretend law custom exist england sixth centuri pretend inasmuch exist english civil far later time safe consid libel upon sixth centuri suppos practic day also one quit justifi infer whatev one law custom lack remot time place compet fill wors one question whether thing divin right king settl book found difficult
