kitap,temiz_metin
Pride and Prejudice,start project gutenberg ebook illustration george allen publisher charing cross road london ruskin house illustration reading janes letters chap pride prejudice jane austen preface george saintsbury illustrations hugh thomson illustration ruskin charing house cross road london george allen
Moby-Dick,start project gutenberg ebook mobydick whale herman melville contents etymology extracts supplied subsublibrarian chapter loomings
War and Peace,project gutenberg ebook war peace leo tolstoy ebook use anyone anywhere united states parts world cost almost restrictions whatsoever may copy give away reuse terms project gutenberg license included ebook online wwwgutenbergorg located united states check laws country located using ebook title war peace author leo tolstoy translators louise aylmer maude release date april ebook recently updated june language english character set encoding utf produced anonymous volunteer david widger start project gutenberg ebook war peace war peace leo tolstoytolstoi contents book one chapter chapter ii chapter iii chapter iv chapter v chapter vi chapter vii chapter viii chapter ix chapter x chapter xi chapter xii chapter xiii chapter xiv chapter xv chapter xvi chapter xvii chapter xviii chapter xix chapter xx chapter xxi chapter xxii chapter xxiii chapter xxiv chapter xxv chapter xxvi chapter xxvii chapter xxviii book two chapter chapter ii chapter iii chapter iv chapter v chapter vi chapter vii chapter viii chapter ix chapter x chapter xi chapter xii chapter xiii chapter xiv chapter xv chapter xvi chapter xvii chapter xviii chapter xix chapter xx chapter xxi book three chapter chapter ii chapter iii chapter iv chapter v chapter vi chapter vii chapter viii chapter ix chapter x chapter xi chapter xii chapter xiii chapter xiv chapter xv chapter xvi chapter xvii chapter xviii chapter xix book four chapter chapter ii chapter iii chapter iv chapter v chapter vi chapter vii chapter viii chapter ix chapter x chapter xi chapter xii chapter xiii chapter xiv chapter xv chapter xvi book five chapter chapter ii chapter iii chapter iv chapter v chapter vi chapter vii chapter viii chapter ix chapter x chapter xi chapter xii chapter xiii chapter xiv chapter xv chapter xvi chapter xvii chapter xviii chapter xix chapter xx chapter xxi chapter xxii book six chapter chapter ii chapter iii chapter iv chapter v chapter vi chapter vii chapter viii chapter ix chapter x chapter xi chapter xii chapter xiii chapter xiv chapter xv chapter xvi chapter xvii chapter xviii chapter xix chapter xx chapter xxi chapter xxii chapter xxiii chapter xxiv chapter xxv chapter xxvi book seven chapter chapter ii chapter iii chapter iv chapter v chapter vi chapter vii chapter viii chapter ix chapter x chapter xi chapter xii chapter xiii book eight chapter chapter ii chapter iii chapter iv chapter v chapter vi chapter vii chapter viii chapter ix chapter x chapter xi chapter xii chapter xiii chapter xiv chapter xv chapter xvi chapter xvii chapter xviii chapter xix chapter xx chapter xxi chapter xxii book nine chapter chapter ii chapter iii chapter iv chapter v chapter vi chapter vii chapter viii chapter ix chapter x chapter xi chapter xii chapter xiii chapter xiv chapter xv chapter xvi chapter xvii chapter xviii chapter xix chapter xx chapter xxi chapter xxii chapter xxiii book ten chapter chapter ii chapter iii chapter iv chapter v chapter vi chapter vii chapter viii chapter ix chapter x chapter xi chapter xii chapter xiii chapter xiv chapter xv chapter xvi chapter xvii chapter xviii chapter xix chapter xx chapter xxi chapter xxii chapter xxiii chapter xxiv chapter xxv chapter xxvi chapter xxvii chapter xxviii chapter xxix chapter xxx chapter xxxi chapter xxxii chapter xxxiii chapter xxxiv chapter xxxv chapter xxxvi chapter xxxvii chapter xxxviii chapter xxxix book eleven chapter chapter ii chapter iii chapter iv chapter v chapter vi chapter vii chapter viii chapter ix chapter x chapter xi chapter xii chapter xiii chapter xiv chapter xv chapter xvi chapter xvii chapter xviii chapter xix chapter xx chapter xxi chapter xxii chapter xxiii chapter xxiv chapter xxv chapter xxvi chapter xxvii chapter xxviii chapter xxix chapter xxx chapter xxxi chapter xxxii chapter xxxiii chapter xxxiv book twelve chapter chapter ii chapter iii chapter iv chapter v chapter vi chapter vii chapter viii chapter ix chapter x chapter xi chapter xii chapter xiii chapter xiv chapter xv chapter xvi book thirteen chapter chapter ii chapter iii chapter iv chapter v chapter vi chapter vii chapter viii chapter ix chapter x chapter xi chapter xii chapter xiii chapter xiv chapter xv chapter xvi chapter xvii chapter xviii chapter xix book fourteen chapter chapter ii chapter iii chapter iv chapter v chapter vi chapter vii chapter viii chapter ix chapter x chapter xi chapter xii chapter xiii chapter xiv chapter xv chapter xvi chapter xvii chapter xviii chapter xix book fifteen chapter chapter ii chapter iii chapter iv chapter v chapter vi chapter vii chapter viii chapter ix chapter x chapter xi chapter xii chapter xiii chapter xiv chapter xv chapter xvi chapter xvii chapter xviii chapter xix chapter xx first epilogue chapter chapter ii chapter iii chapter iv chapter v chapter vi chapter vii chapter viii chapter ix chapter x chapter xi chapter xii chapter xiii chapter xiv chapter xv chapter xvi second epilogue chapter chapter ii chapter iii chapter iv chapter v chapter vi chapter vii chapter viii chapter ix chapter x chapter xi chapter xii book one chapter well prince genoa lucca family estates buonapartes warn dont tell means war still try defend infamies horrors perpetrated antichristi really believe antichristi nothing longer friend longer faithful slave call
Hamlet,project gutenberg ebook hamlet william shakespeare ebook use anyone anywhere united states parts world cost almost restrictions whatsoever may copy give away reuse terms project gutenberg license included ebook online wwwgutenbergorg located united states check laws country located using ebook title hamlet author william shakespeare release date november ebook recently updated november language english produced dianne bean start project gutenberg ebook hamlet cover tragedy hamlet prince denmark william shakespeare contents act scene elsinore platform castle scene ii
The Odyssey,project gutenberg ebook odyssey homer ebook use anyone anywhere united states parts world cost almost restrictions whatsoever may copy give away reuse terms project gutenberg license included ebook online wwwgutenbergorg located united states check laws country located using ebook title odyssey author homer translator samuel butler release date april ebook recently updated december language english produced jim tinsley david widger start project gutenberg ebook odyssey illustration odyssey homer rendered english prose use read original contents preface first edition preface second edition odyssey book book ii
Crime and Punishment,start project gutenberg ebook crime punishment fyodor dostoevsky translated constance garnett translators preface words dostoevsky may help english reader understand work dostoevsky son doctor parents hardworking deeply religious people poor lived five children two rooms father mother spent evenings reading aloud children generally books serious character though always sickly delicate dostoevsky came third final examination petersburg school engineering
Wuthering Heights,project gutenberg ebook wuthering heights emily brontë ebook use anyone anywhere united states parts world cost almost restrictions whatsoever may copy give away reuse terms project gutenberg license included ebook online wwwgutenbergorg located united states check laws country located using ebook title wuthering heights author emily brontë release date december ebook recently updated january language english character set encoding utf produced david price start project gutenberg ebook wuthering heights wuthering heights emily brontë chapter returned visit landlordthe solitary neighbour shall troubled certainly beautiful country
The Divine Comedy,project gutenberg ebook divine comedy dante alighieri ebook use anyone anywhere united states parts world cost almost restrictions whatsoever may copy give away reuse terms project gutenberg license included ebook online wwwgutenbergorg located united states check laws country located using ebook title divine comedy vision hell purgatory paradise author dante alighieri translator rev h f cary illustrator gustave doré release date september ebook recently updated january language english produced david widger start project gutenberg ebook divine comedy divine comedy vision hell purgatory paradise dante alighieri translated rev
Frankenstein,start project gutenberg ebook frankenstein modern prometheus mary wollstonecraft godwin shelley contents letter letter letter letter chapter chapter chapter chapter chapter chapter chapter chapter chapter chapter chapter chapter chapter chapter chapter chapter chapter chapter chapter chapter chapter chapter chapter chapter letter mrs saville england st petersburgh dec th rejoice hear disaster accompanied commencement enterprise regarded evil forebodings arrived yesterday first task assure dear sister welfare increasing confidence success undertaking already far north london walk streets petersburgh feel cold northern breeze play upon cheeks braces nerves fills delight understand feeling
Dracula,project gutenberg ebook dracula bram stoker ebook use anyone anywhere united states parts world cost almost restrictions whatsoever may copy give away reuse terms project gutenberg license included ebook online wwwgutenbergorg located united states check laws country located using ebook title dracula author bram stoker release date october ebook recently updated november language english produced chuck greif online distributed proofreading team start project gutenberg ebook dracula dracula bram stoker illustration colophon new york grosset dunlap publishers copyright united states america according act congress bram stoker rights reserved printed united states country life press garden city ny dear friend hommybeg contents chapter jonathan harkers journal chapter ii jonathan harkers journal chapter iii
The Picture of Dorian Gray,start project gutenberg ebook picture dorian gray oscar wilde contents preface chapter chapter ii chapter iii chapter iv chapter v chapter vi
The Iliad,project gutenberg ebook iliad homer ebook use anyone anywhere united states parts world cost almost restrictions whatsoever may copy give away reuse terms project gutenberg license included ebook online wwwgutenbergorg located united states check laws country located using ebook title iliad author homer translator alexander pope release date november ebook recently updated april language english character set encoding utf produced anne soulard juliet sutherland charles franks online distributed proofreading team start project gutenberg ebook iliad iliad homer translated alexander pope notes introduction rev theodore alois buckley fsa
A Tale of Two Cities,project gutenberg ebook tale two cities charles dickens ebook use anyone anywhere united states parts world cost almost restrictions whatsoever may copy give away reuse terms project gutenberg license included ebook online wwwgutenbergorg located united states check laws country located using ebook title tale two cities story french revolution author charles dickens release date january ebook recently updated december language english character set encoding utf produced judith boss david widger start project gutenberg ebook tale two cities tale two cities story french revolution charles dickens contents book firstrecalled life chapter period chapter ii mail chapter iii night shadows chapter iv preparation chapter v wineshop chapter vi shoemaker book secondthe golden thread chapter five years later chapter ii sight chapter iii disappointment chapter iv congratulatory chapter v jackal chapter vi hundreds people chapter vii monseigneur town chapter viii monseigneur country chapter ix gorgons head chapter x two promises chapter xi companion picture chapter xii fellow delicacy chapter xiii fellow delicacy chapter xiv honest tradesman chapter xv knitting chapter xvi still knitting chapter xvii one night chapter xviii nine days chapter xix opinion chapter xx plea chapter xxi echoing footsteps chapter xxii sea still rises chapter xxiii fire rises chapter xxiv drawn loadstone rock book thirdthe track storm chapter secret chapter ii grindstone chapter iii shadow chapter iv calm storm chapter v woodsawyer chapter vi triumph chapter vii knock door chapter viii hand cards chapter ix game made chapter x substance shadow chapter xi dusk chapter xii darkness chapter xiii fiftytwo chapter xiv knitting done chapter xv footsteps die ever book firstrecalled life chapter period best times worst times age wisdom age foolishness epoch belief epoch incredulity season light season darkness spring hope winter despair everything us nothing us going direct heaven going direct wayin short period far like present period noisiest authorities insisted received good evil superlative degree comparison
Heart of Darkness,start project gutenberg ebook heart darkness joseph conrad contents ii iii nellie cruising yawl swung anchor without flutter sails rest flood made wind nearly calm bound river thing come wait turn tide seareach thames stretched us like beginning interminable waterway offing sea sky welded together without joint luminous space tanned sails barges drifting tide seemed stand still red clusters canvas sharply peaked gleams varnished sprits haze rested low shores ran sea vanishing flatness
The Count of Monte Cristo,start project gutenberg ebook count monte cristo alexandre dumas père contents volume one chapter marseillesthe arrival chapter father son chapter catalans chapter conspiracy chapter
Treasure Island,start project gutenberg ebook treasure island robert louis stevenson treasure island slo american gentleman accordance whose classic taste following narrative designed return numerous delightful hours kindest wishes dedicated affectionate friend author hesitating purchaser sailor tales sailor tunes storm adventure heat cold schooners islands maroons buccaneers buried gold old romance retold exactly ancient way please pleased old wiser youngsters today fall studious youth longer crave ancient appetites forgot kingston ballantyne brave cooper wood wave also may pirates share grave creations lie contents part one old buccaneer
The Scarlet Letter,project gutenberg ebook scarlet letter nathaniel hawthorne ebook use anyone anywhere united states parts world cost almost restrictions whatsoever may copy give away reuse terms project gutenberg license included ebook online wwwgutenbergorg located united states check laws country located using ebook title scarlet letter author nathaniel hawthorne release date february ebook recently updated may language english character set encoding utf produced dartmouth college start project gutenberg ebook scarlet letter scarlet letter nathaniel hawthorne contents customhouse scarlet letter prison door ii
The Adventures of Tom Sawyer,project gutenberg ebook adventures tom sawyer mark twain ebook use anyone anywhere united states parts world cost almost restrictions whatsoever may copy give away reuse terms project gutenberg license included ebook online wwwgutenbergorg located united states check laws country located using ebook title adventures tom sawyer author mark twain samuel clemens release date july ebook recently updated august language english produced david widger start project gutenberg ebook adventures tom sawyer adventures tom sawyer mark twain samuel langhorne clemens contents chapter youu tomaunt polly decides upon dutytom practices musicthe challengea private entrance chapter ii strong temptationsstrategic movementsthe innocents beguiled chapter iii
Gulliver's Travels,start project gutenberg ebook gullivers travels several remote nations world jonathan swift dd dean st patricks dublin first published cover contents publisher reader letter captain gulliver cousin sympson part
The Jungle Book,project gutenberg ebook jungle book rudyard kipling ebook use anyone anywhere united states parts world cost almost restrictions whatsoever may copy give away reuse terms project gutenberg license included ebook online wwwgutenbergorg located united states check laws country located using ebook title jungle book author rudyard kipling illustrator e detmold release date march ebook recently updated may language english start project gutenberg ebook jungle book jungle book rudyard kipling contents mowglis brothers huntingsong seeonee pack kaas hunting roadsong bandarlog tiger tiger mowglis song white seal lukannon rikkitikkitavi darzees chant toomai elephants shiv grasshopper majestys servants parade song camp animals mowglis brothers rann kite brings home night mang bat sets free herds shut byre hut loosed till dawn
Peter Pan,project gutenberg ebook peter pan james barrie ebook use anyone anywhere united states parts world cost almost restrictions whatsoever may copy give away reuse terms project gutenberg license included ebook online wwwgutenbergorg located united states check laws country located using ebook title peter pan peter pan wendy author james barrie release date july ebook recently updated february language english character set encoding utf produced duncan research start project gutenberg ebook peter pan peter pan peter wendy j barrie james matthew barrie millennium fulcrum edition produced duncan research note copyright initially claimed labor involved digitization copyright claim consistent current copyright requirements
Around the World in 80 Days,start project gutenberg ebook illustration around world eighty days jules verne contents chapter phileas fogg passepartout accept one master man chapter ii passepartout convinced last found ideal chapter iii conversation takes place seems likely cost phileas fogg dear chapter iv phileas fogg astounds passepartout servant chapter v new species funds unknown moneyed men appears change chapter vi
The Time Machine,start project gutenberg ebook time machine invention h g wells contents introduction ii machine iii time traveller returns iv time travelling v golden age vi sunset mankind vii sudden shock viii explanation ix morlocks x night came xi palace green porcelain xii darkness xiii trap white sphinx xiv vision xv time travellers return xvi story epilogue introduction time traveller convenient speak expounding recondite matter us pale grey eyes shone twinkled usually pale face flushed animated fire burnt brightly soft radiance incandescent lights lilies silver caught bubbles flashed passed glasses chairs patents embraced caressed us rather submitted sat upon luxurious afterdinner atmosphere thought runs gracefully free trammels precision
The Call of the Wild,start project gutenberg ebook cover call wild jack london contents chapter primitive chapter ii law club fang chapter iii dominant primordial beast chapter iv mastership chapter v toil trace trail chapter vi
The Prince,start project gutenberg ebook prince nicolo machiavelli translated w k marriott contents introduction youth æt office æt literature death æt man works dedication prince chapter many kinds principalities means acquired chapter ii
The Adventures of Sherlock Holmes,project gutenberg ebook adventures sherlock holmes arthur conan doyle ebook use anyone anywhere united states parts world cost almost restrictions whatsoever may copy give away reuse terms project gutenberg license included ebook online wwwgutenbergorg located united states check laws country located using ebook title adventures sherlock holmes author arthur conan doyle release date november ebook recently updated october language english character set encoding utf produced anonymous project gutenberg volunteer jose menendez start project gutenberg ebook adventures sherlock holmes adventures sherlock holmes arthur conan doyle contents scandal bohemia ii
Little Women,project gutenberg ebook little women louisa may alcott ebook use anyone anywhere united states parts world cost almost restrictions whatsoever may copy give away reuse terms project gutenberg license included ebook online wwwgutenbergorg located united states check laws country located using ebook title little women author louisa may alcott release date may ebook recently updated november language english character set encoding utf start project gutenberg ebook little women little women louisa may alcott contents part chapter one playing pilgrims chapter two merry christmas chapter three laurence boy chapter four burdens chapter five neighborly chapter six beth finds palace beautiful chapter seven amys valley humiliation chapter eight jo meets apollyon chapter nine meg goes vanity fair chapter ten pc po
The Wonderful Wizard of Oz,start project gutenberg ebook illustration wonderful wizard oz l frank baum book dedicated good friend comrade wife lfb contents introduction chapter cyclone chapter ii council munchkins chapter iii dorothy saved scarecrow chapter iv
Oliver Twist,start project gutenberg ebook oliver twist parish boys progress charles dickens contents treats place oliver twist born circumstances attending birth ii treats oliver twists growth education board iii relates oliver twist near getting place would sinecure iv oliver offered another place makes first entry public life v oliver mingles new associates going funeral first time forms unfavourable notion masters business vi oliver goaded taunts noah rouses action rather astonishes vii oliver continues refractory viii oliver walks london encounters road strange sort young gentleman ix containing particulars concerning pleasant old gentleman hopeful pupils x oliver becomes better acquainted characters new associates purchases experience high price short important chapter history xi treats mr fang police magistrate furnishes slight specimen mode administering justice xii oliver taken better care ever narrative reverts merry old gentleman youthful friends
Les Misérables,start project gutenberg ebook les misérables victor hugo translated isabel f hapgood thomas crowell co astor place new york copyright illustration bookshelf spines illustration bookcover illustration frontpapers illustration frontispiece illustration titlepage volume one illustration titlepage verso contents les misérables preface volume ifantine book firsta man chapter im myriel chapter iim myriel becomes welcome chapter iiia hard bishopric good bishop chapter ivworks corresponding words chapter vmonseigneur bienvenu made cassocks last long chapter viwho guarded house chapter viicravatte chapter viiiphilosophy drinking chapter ixthe brother depicted sister chapter xthe bishop presence unknown light chapter xia restriction chapter xiithe solitude monseigneur welcome chapter xiiiwhat believed chapter xivwhat thought book secondthe fall chapter ithe evening day walking chapter iiprudence counselled wisdom chapter iiithe heroism passive obedience chapter ivdetails concerning cheesedairies pontarlier chapter vtranquillity chapter vijean valjean chapter viithe interior despair chapter viiibillows shadows chapter ixnew troubles chapter xthe man aroused chapter xiwhat chapter xiithe bishop works chapter xiiilittle gervais book thirdin year chapter ithe year chapter iia double quartette chapter iiifour four chapter ivtholomyès merry sings spanish ditty chapter vat bombardas chapter via chapter adore chapter viithe wisdom tholomyès chapter viiithe death horse chapter ixa merry end mirth book fourthto confide sometimes deliver persons power chapter ione mother meets another mother chapter iifirst sketch two unprepossessing figures chapter iiithe lark book fifththe descent chapter ithe history progress black glass trinkets chapter iimadeleine chapter iiisums deposited laffitte chapter ivm madeleine mourning chapter vvague flashes horizon chapter vifather fauchelevent chapter viifauchelevent becomes gardener paris chapter viiimadame victurnien expends thirty francs morality chapter ixmadame victurniens success chapter xresult success chapter xichristus nos liberavit chapter xiim
Don Quixote (Çeviri),project gutenberg ebook history quixote miguel de cervantes ebook use anyone anywhere united states parts world cost almost restrictions whatsoever may copy give away reuse terms project gutenberg license included ebook online wwwgutenbergorg located united states check laws country located using ebook title history quixote author miguel de cervantes saavedra translator john ormsby release date july ebook recently updated march language english produced david widger start project gutenberg ebook quixote bookcoverjpg full size spinejpg k full size quixote miguel de cervantes translated john ormsby ebook editors note book cover spine images follow part original ormsby translationthey taken edition j w clark illustrated gustave doré clark edition states english text quixote adopted edition jarvis occasional corrections motteaux see introduction john ormsbys critique jarvis motteaux translations
The Secret Garden,start project gutenberg ebook secret garden frances hodgson burnett author shuttle making marchioness methods lady walderhurst lass lowries one administration little lord fauntleroy lady quality etc contents one left ii mistress mary quite contrary iii across moor iv martha v cry corridor vi
Persuasion,start project gutenberg ebook persuasion jane austen contents chapter chapter ii chapter iii chapter iv chapter v chapter vi
Sense and Sensibility,project gutenberg ebook sense sensibility jane austen ebook use anyone anywhere united states parts world cost almost restrictions whatsoever may copy give away reuse terms project gutenberg license included ebook online wwwgutenbergorg located united states check laws country located using ebook title sense sensibility author jane austen release date september ebook recently updated march language english character set encoding utf special thanks due sharon partridge extensive proofreading correction etext start project gutenberg ebook sense sensibility illustration sense sensibility jane austen contents chapter chapter ii chapter iii chapter iv chapter v chapter vi chapter vii chapter viii chapter ix chapter x chapter xi chapter xii chapter xiii chapter xiv chapter xv chapter xvi chapter xvii chapter xviii chapter xix chapter xx chapter xxi chapter xxii chapter xxiii chapter xxiv chapter xxv chapter xxvi chapter xxvii chapter xxviii chapter xxix chapter xxx chapter xxxi chapter xxxii chapter xxxiii chapter xxxiv chapter xxxv chapter xxxvi chapter xxxvii chapter xxxviii chapter xxxix chapter xl chapter xli chapter xlii chapter xliii chapter xliv chapter xlv chapter xlvi chapter xlvii chapter xlviii chapter xlix chapter l chapter
Northanger Abbey,start project gutenberg ebook northanger abbey jane austen contents advertisement authoress northanger abbey chapter chapter chapter chapter chapter chapter chapter chapter chapter chapter chapter chapter chapter chapter chapter chapter chapter chapter chapter chapter chapter chapter chapter chapter chapter chapter chapter chapter chapter chapter chapter note text advertisement authoress northanger abbey little work finished year intended immediate publication disposed bookseller even advertised business proceeded farther author never able learn bookseller think worthwhile purchase think worthwhile publish seems extraordinary neither author public concern observation necessary upon parts work thirteen years made comparatively obsolete public entreated bear mind thirteen years passed since finished many since begun period places manners books opinions undergone considerable changes
Emma,start project gutenberg ebook emma jane austen contents volume chapter chapter ii chapter iii chapter iv
The Souls of Black Folk,project gutenberg ebook souls black folk w e b du bois ebook use anyone anywhere united states parts world cost almost restrictions whatsoever may copy give away reuse terms project gutenberg license included ebook online wwwgutenbergorg located united states check laws country located using ebook title souls black folk author w e b
The Turn of the Screw,start project gutenberg ebook turn screw henry james contents turn screw ii iii iv v vi vii viii ix x xi xii xiii xiv xv xvi xvii xviii xix xx xxi xxii xxiii xxiv turn screw story held us round fire sufficiently breathless except obvious remark gruesome christmas eve old house strange tale essentially remember comment uttered till somebody happened say case met visitation fallen child case may mention apparition old house gathered us occasionan appearance dreadful kind little boy sleeping room mother waking terror waking dissipate dread soothe sleep encounter also succeeded sight shaken observation drew douglasnot immediately later eveninga reply interesting consequence call attention someone else told story particularly effective saw following took sign something produce wait
The War of the Worlds,project gutenberg ebook war worlds h g wells ebook use anyone anywhere united states parts world cost almost restrictions whatsoever may copy give away reuse terms project gutenberg license included ebook online wwwgutenbergorg located united states check laws country located using ebook title war worlds author h g wells release date july ebook recently updated november language english character set encoding utf start project gutenberg ebook war worlds cover war worlds h g wells shall dwell worlds inhabited
The Wind in the Willows,project gutenberg ebook wind willows ebook use anyone anywhere united states parts world cost almost restrictions whatsoever may copy give away reuse terms project gutenberg license included ebook online wwwgutenbergorg located united states check laws country located using ebook title wind willows author kenneth grahame illustrator paul bransom release date january ebook language english credits produced david edwards jen haines online distributed proofreading team httpwwwpgdpnet file produced images generously made available internet archiveamerican libraries start project gutenberg ebook wind willows produced david edwards jen haines online distributed proofreading team httpwwwpgdpnet file produced images generously made available internet archiveamerican libraries
The Hound of the Baskervilles,project gutenberg ebook hound baskervilles arthur conan doyle ebook use anyone anywhere united states parts world cost almost restrictions whatsoever may copy give away reuse terms project gutenberg license included ebook online wwwgutenbergorg located united states check laws country located using ebook title hound baskervilles author arthur conan doyle release date october ebook recently updated june language english character set encoding utf produced shreevatsa r david widger start project gutenberg ebook hound baskervilles cover hound baskervilles another adventure sherlock holmes conan doyle dear robinson account westcountry legend tale owes inception help details thanks
The Man Who Was Thursday,project gutenberg ebook man thursday g k chesterton ebook use anyone anywhere united states parts world cost almost restrictions whatsoever may copy give away reuse terms project gutenberg license included ebook online wwwgutenbergorg located united states check laws country located using ebook title man thursday nightmare author g k chesterton release date april ebook recently updated february language english character set encoding utf produced harry plantinga david widger start project gutenberg ebook man thursday man thursday nightmare g k chesterton contents wild mad hilarious profoundly moving tale man thursday chapter two poets saffron park chapter ii
A Christmas Carol,project gutenberg ebook christmas carol charles dickens ebook use anyone anywhere united states parts world cost almost restrictions whatsoever may copy give away reuse terms project gutenberg license included ebook online wwwgutenbergorg located united states check laws country located using ebook title christmas carol ghost story christmas author charles dickens release date ebook recently updated march language english character set encoding utf produced jose menendez david widger start project gutenberg ebook christmas carol christmas carol prose ghost story christmas charles dickens preface endeavoured ghostly little book raise ghost idea shall put readers humour season may haunt houses pleasantly one wish lay
Dr. Jekyll and Mr. Hyde,start project gutenberg ebook strange case dr jekyll mr hyde robert louis stevenson contents story door search mr hyde dr jekyll quite ease carew murder case incident letter incident dr lanyon incident window last night dr lanyons narrative henry jekylls full statement case story door mr utterson lawyer man rugged countenance never lighted smile cold scanty embarrassed discourse backward sentiment lean long dusty dreary yet somehow lovable friendly meetings wine taste something eminently human beaconed eye something indeed never found way talk spoke silent symbols afterdinner face often loudly acts life austere drank gin alone mortify taste vintages though enjoyed theatre crossed doors one twenty years approved tolerance others sometimes wondering almost envy high pressure spirits involved misdeeds extremity inclined help rather reprove incline cains heresy used say quaintly let brother go devil way character frequently fortune last reputable acquaintance last good influence lives downgoing men
The Thirty-Nine Steps,project gutenberg ebook thirtynine steps john buchan ebook use anyone anywhere united states parts world cost almost restrictions whatsoever may copy give away reuse terms project gutenberg license included ebook online wwwgutenbergorg located united states check laws country located using ebook title thirtynine steps author john buchan release date june ebook recently updated october language english character set encoding utf produced jo churcher html version al haines
The Metamorphosis,project gutenberg ebook metamorphosis franz kafka ebook use anyone anywhere united states parts world cost almost restrictions whatsoever may copy give away reuse terms project gutenberg license included ebook online wwwgutenbergorg located united states check laws country located using ebook copyrighted project gutenberg ebook details please follow copyright guidelines file title metamorphosis author franz kafka translator david wyllie release date may ebook recently updated may language english character set encoding utf copyright c david wyllie
Ethan Frome,start project gutenberg ebook ethan frome edith wharton ethan frome story bit bit various people generally happens cases time different story know starkfield massachusetts know postoffice know postoffice must seen ethan frome drive drop reins hollowbacked bay drag across brick pavement white colonnade must asked several years ago saw first time sight pulled sharp even striking figure starkfield though ruin man
The Legend of Sleepy Hollow,project gutenberg ebook sketch book geoffrey crayon gent washington irving ebook use anyone anywhere cost almost restrictions whatsoever may copy give away reuse terms project gutenberg license included ebook online wwwgutenbergorg title sketch book geoffrey crayon gent author washington irving release date august ebook last updated september language english character set encoding utf start project gutenberg ebook sketch book produced nelson nieves sketch book geoffrey crayon gent washington irving contents preface authors account voyage roscoe wife rip van winkle english writers america rural life england broken heart art bookmaking royal poet country church widow son sunday london boars head tavern mutability literature rural funerals inn kitchen spectre bridegroom westminster abbey christmas stagecoach christmas eve christmas day christmas dinner london antiques little britain statfordonavon traits indian character philip pokanoket john bull pride village angler legend sleepy hollow lenvoy sketchbook geoffrey crayon gent wife children good bad provide
The Yellow Wallpaper,start project gutenberg ebook yellow wallpaper charlotte perkins gilman seldom mere ordinary people like john secure ancestral halls summer colonial mansion hereditary estate would say haunted house reach height romantic felicitybut would asking much fate still proudly declare something queer else let cheaply stood long untenanted
The Man in the Iron Mask,start project gutenberg ebook man iron mask alexandre dumas père transcribers notes may aware project gutenberg involved writings alexandre dumases time since get questions order books read published following comments hopefully help readers vicomte de bragelonne final volume dartagnan romances usually split three four parts final portion entitled man iron mask man iron mask familiar today last volume fourvolume edition editions split manner hence confusionbut waittheres yet reason confusion intend vicomte de bragelonne split four etexts entitled vicomte de bragelonne ten years later louise de la vallière man iron mask
Memoirs of Sherlock Holmes,project gutenberg ebook memoirs sherlock holmes arthur conan doyle ebook use anyone anywhere united states parts world cost almost restrictions whatsoever may copy give away reuse terms project gutenberg license included ebook online wwwgutenbergorg located united states check laws country located using ebook title memoirs sherlock holmes author arthur conan doyle release date march ebook recently updated december language english produced angela cable start project gutenberg ebook memoirs sherlock holmes cover memoirs sherlock holmes arthur conan doyle contents silver blaze ii
Return of Sherlock Holmes,project gutenbergs return sherlock holmes arthur conan doyle ebook use anyone anywhere cost almost restrictions whatsoever may copy give away reuse terms project gutenberg license included ebook online wwwgutenbergorg title return sherlock holmes magazine edition author arthur conan doyle release date july ebook original release date february last updated march language english character set encoding utf start project gutenberg ebook return sherlock holmes produced charles keller joanne brown frank sadowski roger squires return sherlock holmes arthur conan doyle contents adventure empty house adventure norwood builder
A Study in Scarlet,project gutenberg ebook study scarlet arthur conan doyle ebook use anyone anywhere united states parts world cost almost restrictions whatsoever may copy give away reuse terms project gutenberg license included ebook online wwwgutenbergorg located united states check laws country located using ebook title study scarlet author arthur conan doyle release date april ebook recently updated april language english produced roger squires david widger start project gutenberg ebook study scarlet study scarlet conan doyle contents study scarlet part
The Valley of Fear,start project gutenberg ebook valley fear sir arthur conan doyle contents part ithe tragedy birlstone chapter ithe warning chapter iisherlock holmes discourses chapter iiithe tragedy birlstone chapter ivdarkness chapter vthe people drama chapter via dawning light chapter viithe solution part iithe scowrers chapter ithe man chapter iithe bodymaster chapter iiilodge vermissa chapter ivthe valley fear chapter vthe darkest hour chapter vidanger chapter viithe trapping birdy edwards epilogue illustrations whats mr holmes man witchcraft name wonderful get names instant could sworn faintest shadow smile flickered womans lips watson would afraid sleep room lunatic heart big body soul fine face id ask nothing better said mcmurdo could keep screaming
A Princess of Mars,start project gutenberg ebook illustration princess mars edgar rice burroughs son jack contents foreword chapter arizona hills chapter ii escape dead chapter iii advent mars chapter iv prisoner chapter v elude watch dog chapter vi fight friends chapter vii childraising mars chapter viii fair captive sky chapter ix learn language chapter x champion chief chapter xi dejah thoris chapter xii prisoner power chapter xiii lovemaking mars chapter xiv duel death chapter xv sola tells story chapter xvi plan escape chapter xvii costly recapture chapter xviii chained warhoon chapter xix battling arena chapter xx atmosphere factory chapter xxi air scout zodanga chapter xxii find dejah chapter xxiii lost sky chapter xxiv tars tarkas finds friend chapter xxv looting zodanga chapter xxvi carnage joy chapter xxvii joy death chapter xxviii arizona cave illustrations sought dejah thoris throng departing chariots drew upon marble floor first map barsoomian territory ever seen old man sat talked hours back golden throne fought dejah thoris foreword reader work submitting captain carters strange manuscript book form believe words relative remarkable personality interest
At the Earth’s Core,project gutenberg ebook people time forgot ebook use anyone anywhere united states parts world cost almost restrictions whatsoever may copy give away reuse terms project gutenberg license included ebook online wwwgutenbergorg located united states check laws country located using ebook title people time forgot author edgar rice burroughs release date june ebook recently updated january language english credits produced judith boss html version al haines
Tarzan of the Apes,project gutenberg ebook tarzan apes edgar rice burroughs ebook use anyone anywhere united states parts world cost almost restrictions whatsoever may copy give away reuse terms project gutenberg license included ebook online wwwgutenbergorg located united states check laws country located using ebook title tarzan apes author edgar rice burroughs release date august ebook recently updated august language english character set encoding utf produced judith boss html version al haines
The Lost World,start project gutenberg ebook lost world wrought simple plan give one hour joy boy whos half man man whos half boy lost world sir arthur conan doyle copyright foreword mr e malone desires state injunction restraint libel action withdrawn unreservedly professor g e challenger satisfied criticism comment book meant offensive spirit guaranteed place impediment publication circulation contents chapter heroisms round us ii try luck professor challenger iii
The Island of Doctor Moreau,start project gutenberg ebook island doctor moreau illustration island doctor moreau h g wells contents introduction dingey lady vain ii man going nowhere iii strange face iv schooners rail v man nowhere go vi
The Invisible Man,project gutenberg ebook invisible man h g wells ebook use anyone anywhere united states parts world cost almost restrictions whatsoever may copy give away reuse terms project gutenberg license included ebook online wwwgutenbergorg located united states check laws country located using ebook title invisible man author h g wells release date june ebook recently updated october language english character set encoding utf produced andrew sly start project gutenberg ebook invisible man illustration invisible man grotesque romance h g wells contents strange mans arrival ii
The House of Mirth,project gutenberg ebook house mirth edith wharton ebook use anyone anywhere united states parts world cost almost restrictions whatsoever may copy give away reuse terms project gutenberg license included ebook online wwwgutenbergorg located united states check laws country located using ebook title house mirth author edith wharton release date june ebook recently updated february language english produced david start project gutenberg ebook house mirth house mirth edith wharton book one chapter selden paused surprise afternoon rush grand central station eyes refreshed sight miss lily bart
The Age of Innocence,start project gutenberg ebook kidnapped memoirs adventures david balfour year kidnapped cast away sufferings desert isle journey wild highlands acquaintance alan breck stewart notorious highland jacobites suffered hands uncle ebenezer balfour shaws falsely called written set forth robert louis stevenson preface mrs stevenson preface biographical edition husband mr henley engaged writing plays bournemouth made number titles hoping use future dramatic composition husband preferred torrent mr henleys enthusiasm swept feet however several plays finished health seriously impaired endeavours keep mr henley play writing abandoned forever husband returned legitimate vocation added one titles hanging judge list projected plays thrown aside emboldened husbands offer give help needed concluded try write wanted trial scene old bailey chose period purpose shamefully ignorant subject husband confessing little knowledge possessed london bookseller commissioned send us everything could procure bearing old bailey trials
The Awakening,project gutenberg ebook awakening selected short stories kate chopin ebook use anyone anywhere united states parts world cost almost restrictions whatsoever may copy give away reuse terms project gutenberg license included ebook online wwwgutenbergorg located united states check laws country located using ebook title awakening selected short stories author kate chopin release date august ebook recently updated february language english character set encoding utf produced judith boss david widger start project gutenberg ebook awakening selected short stories awakening selected short stories kate chopin contents awakening ii iii iv v vi vii viii ix x xi xii xiii xiv xv xvi xvii xviii xix xx xxi xxii xxiii xxiv xxv xxvi xxvii xxviii xxix xxx xxxi xxxii xxxiii xxxiv xxxv xxxvi xxxvii xxxviii xxxix beyond bayou maame pélagie ii iii iv désirées baby respectable woman kiss pair silk stockings locket ii reflection awakening green yellow parrot hung cage outside door kept repeating allez vousen allez vousen
The Secret Agent,project gutenberg ebook secret agent joseph conrad ebook use anyone anywhere united states parts world cost almost restrictions whatsoever may copy give away reuse terms project gutenberg license included ebook online wwwgutenbergorg located united states check laws country located using ebook title secret agent simple tale author joseph conrad release date june ebook recently updated february language english produced david price start project gutenberg ebook secret agent secret agent simple tale joseph conrad second edition methuen co essex street w c london first published
The Brothers Karamazov,project gutenberg ebook brothers karamazov fyodor dostoyevsky ebook use anyone anywhere united states parts world cost almost restrictions whatsoever may copy give away reuse terms project gutenberg license included ebook online wwwgutenbergorg located united states check laws country located using ebook title brothers karamazov author fyodor dostoyevsky translator constance garnett release date february ebook recently updated january language english start project gutenberg ebook brothers karamazov brothers karamazov translated russian fyodor dostoyevsky constance garnett lowell press new york contents part book history family chapter fyodor pavlovitch karamazov chapter ii
Notes from the Underground,project gutenberg ebook notes underground fyodor dostoyevsky ebook use anyone anywhere united states parts world cost almost restrictions whatsoever may copy give away reuse terms project gutenberg license included ebook online wwwgutenbergorg located united states check laws country located using ebook title notes underground author fyodor dostoyevsky translator constance garnett release date july ebook recently updated december language english character set encoding utf produced judith boss html version al haines start project gutenberg ebook notes underground notes underground fyodor dostoyevsky contents notes underground part underground ii iii iv v vi vii viii ix x xi part ii à propos wet snow ii iii iv v vi vii viii ix x notes underground novel author diary diary course imaginary
Thus Spoke Zarathustra,project gutenberg ebook thus spake zarathustra friedrich nietzsche ebook use anyone anywhere united states parts world cost almost restrictions whatsoever may copy give away reuse terms project gutenberg license included ebook online wwwgutenbergorg located united states check laws country located using ebook title thus spake zarathustra book none author friedrich nietzsche translator thomas common release date december ebook recently updated april language english character set encoding utf produced sue asscher david widger revised richard tonsing pg editors note archaic spelling punctuation usages changed
Beyond Good and Evil,project gutenberg ebook beyond good evil ebook use anyone anywhere united states parts world cost almost restrictions whatsoever may copy give away reuse terms project gutenberg license included ebook online wwwgutenbergorg located united states check laws country located using ebook title beyond good evil author friedrich wilhelm nietzsche translator helen zimmern release date august ebook recently updated january language english credits produced john mamoun charles franks david widger online distributed proofreading team start project gutenberg ebook beyond good evil produced john mamoun charles franks online distributed proofreading team beyond good evil friedrich nietzsche translated helen zimmern transcribers note etext edition following reprint helen zimmern translation german english beyond good evil published complete works friedrich nietzsche adaptations original text made format etext
The Social Contract,start project gutenberg ebook note images original pages available google books library project see httpwwwgooglecombooksidexnpaaaamaaj social contract discourses jean jacques rousseau london toronto published j dent sons new york e p dutton co everymans library edited ernest rhys philosophy theology rousseaus social contract etc translated introduction gdh cole fellow magdalen college oxford introduction study great writers thinkers past historical imagination first necessity without mentally referring environment lived hope penetrate inessential temporary absolute permanent value thought
Candide,project gutenberg ebook candide ebook use anyone anywhere united states parts world cost almost restrictions whatsoever may copy give away reuse terms project gutenberg license included ebook online wwwgutenbergorg located united states check laws country located using ebook title candide author voltaire release date november ebook language english credits produced chuck greif fox stars online distributed proofreading team httpwwwpgdpnet start project gutenberg ebook candide produced chuck greif fox stars online distributed proofreading team httpwwwpgdpnet transcribers note obvious typographical errors corrected text complete list please see bottom document
The Federalist Papers,start project gutenberg ebook federalist papers alexander hamilton john jay james madison federalist general introduction independent journal saturday october hamilton people state new york unequivocal experience inefficacy subsisting federal government called upon deliberate new constitution united states america subject speaks importance comprehending consequences nothing less existence union safety welfare parts composed fate empire many respects interesting world frequently remarked seems reserved people country conduct example decide important question whether societies men really capable establishing good government reflection choice whether forever destined depend political constitutions accident force
Common Sense,start project gutenberg ebook common sense addressed inhabitants america following interesting subjects origin design government general concise remarks english constitution monarchy hereditary succession thoughts present state american affairs present ability america miscellaneous reflections new edition several additions body work added appendix together address people called quakers man knows master save creating heaven choice common good ordain thomson
Democracy in America,start project gutenberg ebook democracy america alexis de tocqueville avocat à la cour royale de paris etc etc translated henry reeve esq two volumes vol london saunders otley conduit street contents book one introductory chapter chapter exterior form north america chapter summary chapter ii origin angloamericanspart chapter summary chapter ii origin angloamericanspart ii chapter iii social conditions angloamericans chapter summary chapter iv principle sovereignty people america chapter summary chapter v necessity examining condition statespart chapter v necessity examining condition statespart ii chapter v necessity examining condition statespart iii chapter vi judicial power united states chapter summary chapter vii political jurisdiction united states chapter summary chapter viii federal constitutionpart chapter summary summary federal constitution chapter viii federal constitutionpart ii chapter viii federal constitutionpart iii chapter viii federal constitutionpart iv chapter viii federal constitutionpart v chapter ix people may strictly said govern united chapter x parties united states chapter summary parties united states chapter xi liberty press united states chapter summary chapter xii political associations united states chapter summary chapter xiii government democracy americapart chapter xiii government democracy americapart ii chapter xiii government democracy americapart iii chapter xiv advantages american society derive democracypart chapter xiv advantages american society derive democracypart ii chapter xv unlimited power majority consequencespart chapter summary chapter xv unlimited power majority consequencespart ii chapter xvi causes mitigating tyranny united statespart chapter summary chapter xvi causes mitigating tyranny united statespart ii chapter xvii principal causes maintaining democratic republicpart chapter xvii principal causes maintaining democratic republicpart ii chapter xvii principal causes maintaining democratic republicpart iii chapter xvii principal causes maintaining democratic republicpart iv chapter xviii future condition three races united statespart chapter xviii future condition three racespart ii chapter xviii future condition three racespart iii chapter xviii future condition three racespart iv chapter xviii future condition three racespart v chapter xviii future condition three racespart vi chapter xviii future condition three racespart vii chapter xviii future condition three racespart viii chapter xviii future condition three racespart ix chapter xviii future condition three racespart x conclusion book one introductory chapter amongst novel objects attracted attention stay united states nothing struck forcibly general equality conditions
Narrative of the Life of Frederick Douglass,project gutenberg ebook narrative life frederick douglass frederick douglass ebook use anyone anywhere united states parts world cost almost restrictions whatsoever may copy give away reuse terms project gutenberg license included ebook online wwwgutenbergorg located united states check laws country located using ebook title narrative life frederick douglass american slave author frederick douglass release date january ebook recently updated february language english character set encoding utf produced anonymous volunteer david widger start project gutenberg ebook narrative life frederick douglass narrative life frederick douglass american slave written
Confessions of St. Augustine,project gutenberg ebook confessions saint augustine saint augustine ebook use anyone anywhere united states parts world cost almost restrictions whatsoever may copy give away reuse terms project gutenberg license included ebook online wwwgutenbergorg located united states check laws country located using ebook title confessions saint augustine author saint augustine translator e b pusey edward bouverie release date march ebook recently updated may language english produced robert munday start project gutenberg ebook confessions saint augustine confessions saint augustine saint augustine bishop hippo translated e b pusey edward bouverie ad book great art thou lord greatly praised great thy power thy wisdom infinite thee would man praise man particle thy creation man bears mortality witness sin witness thou resistest proud yet would man praise thee particle thy creation
The Republic,project gutenberg ebook republic plato ebook use anyone anywhere united states parts world cost almost restrictions whatsoever may copy give away reuse terms project gutenberg license included ebook online wwwgutenbergorg located united states check laws country located using ebook title republic author plato translator b jowett release date october ebook recently updated september language english character set encoding utf produced sue asscher david widger start project gutenberg ebook republic republic plato translated benjamin jowett note see also republic plato jowett ebook contents introduction analysis republic
Meditations,project gutenberg ebook meditations marcus aurelius ebook use anyone anywhere united states parts world cost almost restrictions whatsoever may copy give away reuse terms project gutenberg license included ebook online wwwgutenbergorg located united states check laws country located using ebook title meditations author marcus aurelius translator meric casaubon release date june ebook recently updated march language english character set encoding utf produced j boulton david widger start project gutenberg ebook meditations meditations marcus aurelius contents notes introduction first book second book third book fourth book fifth book sixth book seventh book eighth book ninth book tenth book eleventh book twelfth book appendix glossary introduction marcus aurelius antoninus born april ad real name annius verus sprung noble family claimed descent numa second king rome
Walden,start project gutenberg ebook walden duty civil disobedience henry david thoreau cover contents walden economy lived lived reading sounds solitude visitors beanfield village ponds baker farm higher laws brute neighbors housewarming former inhabitants winter visitors winter animals pond winter spring conclusion duty civil disobedience walden economy wrote following pages rather bulk lived alone woods mile neighbor house built shore walden pond concord massachusetts earned living labor hands lived two years two months present sojourner civilized life obtrude affairs much notice readers particular inquiries made townsmen concerning mode life would call impertinent though appear impertinent considering circumstances natural pertinent asked got eat feel lonesome afraid like
On the Origin of Species,project gutenberg ebook origin species charles darwin ebook use anyone anywhere united states parts world cost almost restrictions whatsoever may copy give away reuse terms project gutenberg license included ebook online wwwgutenbergorg located united states check laws country located using ebook title origin species th edition author charles darwin release date december ebook recently updated november language english character set encoding utf produced sue asscher david widger start project gutenberg ebook origin species several editions ebook project gutenberg collection various characteristics ebook listed aid selecting preferred file
The Communist Manifesto,project gutenberg ebook communist manifesto karl marx friedrich engels ebook use anyone anywhere united states parts world cost almost restrictions whatsoever may copy give away reuse terms project gutenberg license included ebook online wwwgutenbergorg located united states check laws country located using ebook title communist manifesto author karl marx friedrich engels release date april ebook recently updated march language english character set encoding utf produced allen lutins jim tarzia start project gutenberg ebook communist manifesto communist manifesto karl marx friedrich engels english edition edited friedrich engels contents bourgeois proletarians ii proletarians communists iii
The Wealth of Nations,project gutenberg ebook oakdale affair edgar rice burroughs ebook use anyone anywhere cost almost restrictions whatsoever may copy give away reuse terms project gutenberg license included ebook online wwwgutenbergorg title oakdale affair author edgar rice burroughs release date july ebook last updated march language english character set encoding utf start project gutenberg ebook oakdale affair produced judith boss oakdale affair edgar rice burroughs chapter one chapter ed house hill showed lights upon first floorin spacious reception hall dining room less mysterious purlieus thereof emanate disagreeable odors agreeable foods behind low bush across wide lawn pair eyes transferred alert brain simple perceptions brain deduced sherlockian accuracy raffleian purpose family president first national bank ofoh lets call oakdalewas dinner servants stairs second floor deserted owner eyes recently descended quarters chauffeur garage entered thief night quitted apparelled perfectly good suit clothes belonging gentlemanly chauffeur soft checked cap pulled well pair large brown eyes rather strained expression might suggested alienist certain neophytism even stern set well shaped lips could effectually belie
The Prince and the Pauper,project gutenberg ebook confiscation outline ebook use anyone anywhere united states parts world cost almost restrictions whatsoever may copy give away reuse terms project gutenberg license included ebook online wwwgutenbergorg located united states check laws country located using ebook title confiscation outline author william greenwood release date may ebook recently updated april language english start project gutenberg ebook confiscation outline confiscation outline william greenwood palaces nob hills united states toadstools decay going republic today page
Gitanjali,start project gutenberg ebook illustration snowimage nathaniel hawthorne illustration snowimage new york james g gregory snowimage childish miracle nathaniel hawthorne illustrations marcus waterman
A Room of One’s Own,project gutenbergs man could lose richard harding davis ebook use anyone anywhere cost almost restrictions whatsoever may copy give away reuse terms project gutenberg license included ebook online wwwgutenbergorg title man could lose author richard harding davis posting date october ebook release date may last updated september language english character set encoding utf start project gutenberg ebook man could lose produced aaron cannon man could lose richard harding davis carters married haste refused repent leisure blindly love considered marriage greatest asset rest world represented mutual friends considered thing could urged either single popular
The Canterbury Tales,project gutenberg ebook fortune glory story soudan war ebook use anyone anywhere united states parts world cost almost restrictions whatsoever may copy give away reuse terms project gutenberg license included ebook online wwwgutenbergorg located united states check laws country located using ebook title fortune glory story soudan war author lewis hough illustrator walter paget release date april ebook language english credits produced nick hodson london england start project gutenberg ebook fortune glory story soudan war produced nick hodson london england fortune glory story soudan war lewis hough little nervous know lewis hough got writing book different setting masterly doctor jolliffes boys fact story opens boarding school british public school called harton
The Power of the Dog,project gutenberg ebook kaukonäkijä eli kuvauksia ruijasta ebook use anyone anywhere united states parts world cost almost restrictions whatsoever may copy give away reuse terms project gutenberg license included ebook online wwwgutenbergorg located united states check laws country located using ebook title kaukonäkijä eli kuvauksia ruijasta author jonas lie release date may ebook recently updated december language finnish credits produced matti järvinen tuija lindholm pg distributed proofreaders start project gutenberg ebook kaukonäkijä eli kuvauksia ruijasta produced matti järvinen tuija lindholm pg distributed proofreaders kaukonäkijä eli kuvauksia ruijasta jonas lie suomentanut tekla lampén ensimmäisen kerran julkaissut werner söderström osakeyhtiö
The Aeneid,start project gutenberg ebook love freindship early works collection juvenile writings jane austen contents love freindship letter first isabel laura letter nd laura isabel letter rd laura marianne letter th laura marianne letter th laura marianne letter th laura marianne letter th laura marianne letter th laura marianne continuation letter th letter th laura continuation letter th laura continuation letter th laura continuation letter th laura continuation letter th laura continuation letter th laura continuation unfinished novel letters lesley castle letter first miss margaret lesley miss charlotte lutterell letter second miss c lutterell miss lesley answer letter third miss margaret lesley miss c lutterell letter fourth miss c lutterell miss lesley letter fifth miss margaret lesley miss charlotte lutterell letter sixth lady lesley miss charlotte lutterell letter seventh miss c lutterell miss lesley letter eighth miss lutterell mrs marlowe letter ninth mrs marlowe miss lutterell letter tenth miss margaret lesley miss charlotte lutterell history england collection letters miss cooper letter first mother freind letter second young lady crossed love freind letter third young lady distressed circumstances freind letter fourth young lady rather impertinent freind letter fifth young lady much love freind female philosopher first act comedy letter young lady whose feelings strong tour walesin letter young lady tale love freindship madame la comtesse de feuillide novel inscribed obliged humble servant author
The Complete Works of William Shakespeare,start project gutenberg ebook magna carta contents text magna carta magna carta text magna carta note michael hart preparer version file contains number versions magna carta little mangled transit sure volunteers find correct errors didnt catch version significant improvements well least one version latin version may contain dozen different versions text magna carta john grace god king england lord ireland duke normandy aquitaine count anjou archbishops bishops abbots earls barons justices foresters sheriffs stewards servants officials loyal subjects greeting
The Art of War,project gutenberg ebook selected prose oscar wilde ebook use anyone anywhere united states parts world cost almost restrictions whatsoever may copy give away reuse terms project gutenberg license included ebook online wwwgutenbergorg located united states check laws country located using ebook title selected prose oscar wilde author oscar wilde editor robert baldwin ross release date june ebook recently updated december language english credits transcribed methuen co edition david price start project gutenberg ebook selected prose oscar wilde transcribed methuen co edition david price email ccxcoventryacuk selected prose oscar wilde contents preface robert ross struck contemporary quality george meredith life fallacious model life disciple life plagiarist indispensable east influence impressionists climate exposure naturalism thomas griffiths wainewright wainewright hobart town cardinal newman autobiographers robert browning two supreme highest arts secrets immortality critic material dante living guide limitations genius wanted new background without frontiers poetry archaeology art archaeology herod suppliant tetrarchs remorse tetrarchs treasure salome anticipates dr strauss young king coronation king spain bull fight throne room protected country blackmailing emperor covent garden letter miss jane percy aunt triumph american humor garden death eton kitcat mrs erlynne exercises prerogative grandmother motherhood marriage damnable ideal rejected prizeessay possibilities useful artist doer good disciple master house judgment teacher wisdom wilde gives directions de profundis carey street sorrow wears mask vita nuova grand romantic clapham junction broken resolution domesticity berneval visit pope dedication anthology dedicated michael lykiardopulos little token services english literature great russian empire preface possible exceptions greek anthology golden treasury bear name e v lucas selections poetry prose ever given complete satisfaction anyone except compiler
The Old Man and the Sea,project gutenberg ebook madam lady first lessons earth lore children ebook use anyone anywhere united states parts world cost almost restrictions whatsoever may copy give away reuse terms project gutenberg license included ebook online wwwgutenbergorg located united states check laws country located using ebook title madam lady first lessons earth lore children author charles kingsley release date april ebook recently updated december language english credits transcribed macmillan co edition david price start project gutenberg ebook madam lady first lessons earth lore children transcribed macmillan co edition david price email ccxcoventryacuk madam lady first lessons earth lore children dedication son grenville arthur schoolfellows winton house little book dedicated preface dear boyswhen age childrens books
The Trial,project gutenberg ebook twelve stories dream h g wells ebook use anyone anywhere cost almost restrictions whatsoever may copy give away reuse terms project gutenberg license included ebook online wwwgutenbergorg title twelve stories dream author h g wells posting date september ebook release date may last updated march language english character set encoding utf start project gutenberg ebook twelve stories dream produced aaron cannon stephanie johnson twelve stories dream h g wells contents filmer magic shop valley spiders
The Plague,project gutenberg ebook letters marcus tullius cicero ebook use anyone anywhere united states parts world cost almost restrictions whatsoever may copy give away reuse terms project gutenberg license included ebook online wwwgutenbergorg located united states check laws country located using ebook title letters marcus tullius cicero author marcus tullius cicero translator evelyn shuckburgh release date september ebook recently updated april language english credits prepared david reed start project gutenberg ebook letters marcus tullius cicero prepared david reed haraddaaolcom davidrinconnectcom letters cicero marcus tullius cicero translated e shuckburgh letters cicero varied character range informal communications members family serious elaborate compositions practically treatises epistolary form
The House of the Seven Gables,start project gutenberg ebook mansfield park jane austen contents chapter chapter ii chapter iii chapter iv chapter v chapter vi chapter vii chapter viii chapter ix chapter x chapter xi chapter xii chapter xiii chapter xiv chapter xv chapter xvi chapter xvii chapter xviii chapter xix chapter xx chapter xxi chapter xxii chapter xxiii chapter xxiv chapter xxv chapter xxvi chapter xxvii chapter xxviii chapter xxix chapter xxx chapter xxxi chapter xxxii chapter xxxiii chapter xxxiv chapter xxxv chapter xxxvi chapter xxxvii chapter xxxviii chapter xxxix chapter xl chapter xli chapter xlii chapter xliii chapter xliv chapter xlv chapter xlvi chapter xlvii chapter xlviii chapter thirty years ago miss maria ward huntingdon seven thousand pounds good luck captivate sir thomas bertram mansfield park county northampton thereby raised rank baronets lady comforts consequences handsome house large income huntingdon exclaimed greatness match uncle lawyer allowed least three thousand pounds short equitable claim two sisters benefited elevation acquaintance thought miss ward miss frances quite handsome miss maria scruple predict marrying almost equal advantage certainly many men large fortune world pretty women deserve miss ward end half dozen years found obliged attached rev
The Scarlet Pimpernel,project gutenberg ebook red cross girl richard harding davis ebook use anyone anywhere cost almost restrictions whatsoever may copy give away reuse terms project gutenberg license included ebook online wwwgutenbergorg title red cross girl author richard harding davis commentator gouverneur morris posting date november ebook last updated march language english character set encoding utf start project gutenberg ebook red cross girl produced aaron cannon red cross girl novels stories richard harding davis richard harding davis introduction gouverneur morris contents introduction gouverneur morris red cross girl grand cross crescent invasion england
The Murder of Roger Ackroyd,project gutenberg ebook eryxias ebook use anyone anywhere united states parts world cost almost restrictions whatsoever may copy give away reuse terms project gutenberg license included ebook online wwwgutenbergorg located united states check laws country located using ebook title eryxias author plato translator benjamin jowett release date march ebook recently updated november language english credits produced sue asscher david widger start project gutenberg ebook eryxias produced sue asscher eryxias platonic imitator see appendix ii translated benjamin jowett appendix ii two dialogues translated second appendix mentioned aristotle early authority claim ascribed plato
The Three Musketeers,project gutenberg ebook prince pauper part ebook use anyone anywhere united states parts world cost almost restrictions whatsoever may copy give away reuse terms project gutenberg license included ebook online wwwgutenbergorg located united states check laws country located using ebook title prince pauper part
Dracula's Guest,project gutenberg ebook khedives country ebook use anyone anywhere united states parts world cost almost restrictions whatsoever may copy give away reuse terms project gutenberg license included ebook online wwwgutenbergorg located united states check laws country located using ebook title khedives country author george manville fenn release date november ebook language english credits produced nick hodson london england start project gutenberg ebook khedives country produced nick hodson london england khedives country george manville fenn khedives country george manville fenn
A Connecticut Yankee in King Arthur's Court,start project gutenberg ebook connecticut yankee king arthurs court mark twain samuel l clemens preface ungentle laws customs touched upon tale historical episodes used illustrate also historical pretended laws customs existed england sixth century pretended inasmuch existed english civilizations far later times safe consider libel upon sixth century suppose practice day also one quite justified inferring whatever one laws customs lacking remote time place competently filled worse one question whether thing divine right kings settled book found difficult
